"","code_muni","abbrev_state"
"1",1200203,"AC"
"2",1200401,"AC"
"3",1200104,"AC"
"4",1100205,"RO"
"5",1200252,"AC"
"6",1200302,"AC"
"7",1200500,"AC"
"8",1200344,"AC"
"9",2800308,"SE"
"10",1200385,"AC"
"11",1200013,"AC"
"12",1200450,"AC"
"13",1200138,"AC"
"14",1200609,"AC"
"15",5103403,"MT"
"16",1200351,"AC"
"17",5208707,"GO"
"18",1200708,"AC"
"19",1200336,"AC"
"20",2704302,"AL"
"21",2706505,"AL"
"22",2707404,"AL"
"23",2703106,"AL"
"24",2705101,"AL"
"25",2700300,"AL"
"26",2708006,"AL"
"27",2707503,"AL"
"28",2708956,"AL"
"29",2704005,"AL"
"30",2709301,"AL"
"31",2705804,"AL"
"32",3550308,"SP"
"33",2702355,"AL"
"34",2700904,"AL"
"35",2702405,"AL"
"36",2702603,"AL"
"37",2709152,"AL"
"38",2707107,"AL"
"39",2707701,"AL"
"40",2704708,"AL"
"41",2705200,"AL"
"42",2708501,"AL"
"43",2701605,"AL"
"44",2709103,"AL"
"45",2702306,"AL"
"46",2700805,"AL"
"47",2703304,"AL"
"48",2707206,"AL"
"49",2700102,"AL"
"50",2704807,"AL"
"51",2702504,"AL"
"52",2703759,"AL"
"53",2704104,"AL"
"54",2704203,"AL"
"55",2702801,"AL"
"56",2709004,"AL"
"57",2703601,"AL"
"58",2705507,"AL"
"59",2703502,"AL"
"60",2703205,"AL"
"61",2706802,"AL"
"62",2702108,"AL"
"63",2706703,"AL"
"64",2706109,"AL"
"65",2706307,"AL"
"66",2701704,"AL"
"67",2701001,"AL"
"68",2611606,"PE"
"69",2701506,"AL"
"70",2702553,"AL"
"71",2708600,"AL"
"72",2211001,"PI"
"73",2910800,"BA"
"74",2705705,"AL"
"75",2704500,"AL"
"76",2708105,"AL"
"77",2700706,"AL"
"78",2708808,"AL"
"79",2708402,"AL"
"80",2700409,"AL"
"81",2701209,"AL"
"82",2709400,"AL"
"83",2706604,"AL"
"84",2708907,"AL"
"85",2709202,"AL"
"86",2706406,"AL"
"87",2700201,"AL"
"88",2706208,"AL"
"89",2702207,"AL"
"90",2708709,"AL"
"91",2703809,"AL"
"92",2706000,"AL"
"93",2704609,"AL"
"94",2703007,"AL"
"95",2702900,"AL"
"96",2702702,"AL"
"97",2701308,"AL"
"98",3525904,"SP"
"99",5219308,"GO"
"100",2707305,"AL"
"101",2702009,"AL"
"102",2706422,"AL"
"103",2705408,"AL"
"104",2701803,"AL"
"105",2703700,"AL"
"106",2706901,"AL"
"107",5008305,"MS"
"108",2700508,"AL"
"109",2705606,"AL"
"110",2705903,"AL"
"111",2708303,"AL"
"112",2708204,"AL"
"113",2805703,"SE"
"114",2705002,"AL"
"115",2704401,"AL"
"116",2701100,"AL"
"117",2703403,"AL"
"118",2701357,"AL"
"119",2604106,"PE"
"120",1302603,"AM"
"121",1301852,"AM"
"122",1304203,"AM"
"123",1303304,"AM"
"124",1301209,"AM"
"125",1506807,"PA"
"126",1302702,"AM"
"127",1300409,"AM"
"128",1300706,"AM"
"129",1302900,"AM"
"130",1301704,"AM"
"131",1303403,"AM"
"132",1303700,"AM"
"133",1304062,"AM"
"134",1301902,"AM"
"135",1301001,"AM"
"136",1300060,"AM"
"137",1300508,"AM"
"138",1302306,"AM"
"139",1303809,"AM"
"140",1303502,"AM"
"141",1303205,"AM"
"142",1302207,"AM"
"143",1300805,"AM"
"144",1300680,"AM"
"145",1304401,"AM"
"146",1302405,"AM"
"147",1300300,"AM"
"148",1300631,"AM"
"149",1302009,"AM"
"150",1302504,"AM"
"151",1304104,"AM"
"152",1301605,"AM"
"153",1301407,"AM"
"154",1303007,"AM"
"155",1300201,"AM"
"156",1304260,"AM"
"157",1303601,"AM"
"158",1301100,"AM"
"159",1301308,"AM"
"160",1303106,"AM"
"161",1300607,"AM"
"162",1302553,"AM"
"163",3506003,"SP"
"164",1301506,"AM"
"165",1300144,"AM"
"166",1303908,"AM"
"167",1304005,"AM"
"168",1300904,"AM"
"169",1300102,"AM"
"170",1300086,"AM"
"171",1301159,"AM"
"172",1303569,"AM"
"173",1304302,"AM"
"174",1301951,"AM"
"175",1302801,"AM"
"176",1301654,"AM"
"177",1302108,"AM"
"178",1301803,"AM"
"179",1300839,"AM"
"180",1304237,"AM"
"181",1600303,"AP"
"182",1600279,"AP"
"183",1600600,"AP"
"184",1500305,"PA"
"185",1600535,"AP"
"186",1600238,"AP"
"187",1600808,"AP"
"188",1600055,"AP"
"189",1600501,"AP"
"190",2902906,"BA"
"191",2914802,"BA"
"192",2922102,"BA"
"193",2927408,"BA"
"194",2913903,"BA"
"195",2902807,"BA"
"196",2930501,"BA"
"197",2933307,"BA"
"198",2930105,"BA"
"199",2925758,"BA"
"200",2918407,"BA"
"201",2903201,"BA"
"202",2911808,"BA"
"203",2904605,"BA"
"204",2929107,"BA"
"205",2919900,"BA"
"206",2925105,"BA"
"207",2923704,"BA"
"208",2906006,"BA"
"209",2905107,"BA"
"210",2900702,"BA"
"211",2929909,"BA"
"212",2916609,"BA"
"213",2909802,"BA"
"214",2902500,"BA"
"215",2910727,"BA"
"216",2928802,"BA"
"217",2916401,"BA"
"218",2902005,"BA"
"219",2929008,"BA"
"220",2905701,"BA"
"221",2907608,"BA"
"222",2906204,"BA"
"223",2928703,"BA"
"224",2908507,"BA"
"225",2911709,"BA"
"226",2914703,"BA"
"227",2917300,"BA"
"228",2908903,"BA"
"229",2929206,"BA"
"230",2931806,"BA"
"231",2914604,"BA"
"232",2931350,"BA"
"233",2921203,"BA"
"234",2611101,"PE"
"235",2914653,"BA"
"236",2901601,"BA"
"237",2905305,"BA"
"238",2928109,"BA"
"239",2918001,"BA"
"240",2911105,"BA"
"241",2917706,"BA"
"242",2919553,"BA"
"243",2900108,"BA"
"244",2931905,"BA"
"245",2918506,"BA"
"246",2919504,"BA"
"247",2913101,"BA"
"248",2919058,"BA"
"249",2903102,"BA"
"250",2913606,"BA"
"251",2925006,"BA"
"252",2914901,"BA"
"253",2919207,"BA"
"254",3143302,"MG"
"255",2917607,"BA"
"256",2922508,"BA"
"257",2903409,"BA"
"258",2915502,"BA"
"259",2907301,"BA"
"260",2914505,"BA"
"261",2931004,"BA"
"262",2930758,"BA"
"263",2925907,"BA"
"264",2921104,"BA"
"265",2904506,"BA"
"266",2926004,"BA"
"267",2930774,"BA"
"268",2921500,"BA"
"269",2916104,"BA"
"270",2902104,"BA"
"271",2928901,"BA"
"272",2900207,"BA"
"273",2911204,"BA"
"274",2932457,"BA"
"275",2915601,"BA"
"276",2904308,"BA"
"277",2909505,"BA"
"278",2903706,"BA"
"279",2910008,"BA"
"280",2901007,"BA"
"281",2925600,"BA"
"282",2925303,"BA"
"283",2910404,"BA"
"284",2930709,"BA"
"285",2915908,"BA"
"286",2901908,"BA"
"287",2933208,"BA"
"288",2907509,"BA"
"289",2930154,"BA"
"290",2917508,"BA"
"291",2918209,"BA"
"292",2924801,"BA"
"293",2911907,"BA"
"294",2920304,"BA"
"295",2908804,"BA"
"296",2912905,"BA"
"297",2925253,"BA"
"298",2906501,"BA"
"299",2906709,"BA"
"300",2902708,"BA"
"301",2930204,"BA"
"302",2933505,"BA"
"303",2932002,"BA"
"304",2923803,"BA"
"305",2915106,"BA"
"306",2914208,"BA"
"307",2926608,"BA"
"308",2915700,"BA"
"309",2911253,"BA"
"310",2901106,"BA"
"311",2910701,"BA"
"312",2905602,"BA"
"313",2923902,"BA"
"314",2903805,"BA"
"315",2924009,"BA"
"316",2927101,"BA"
"317",2913507,"BA"
"318",2930907,"BA"
"319",2917334,"BA"
"320",2931707,"BA"
"321",2901205,"BA"
"322",2922003,"BA"
"323",2921708,"BA"
"324",2920502,"BA"
"325",2915353,"BA"
"326",2919959,"BA"
"327",2901304,"BA"
"328",2911659,"BA"
"329",2918605,"BA"
"330",2913804,"BA"
"331",2925808,"BA"
"332",2931400,"BA"
"333",2901403,"BA"
"334",2926202,"BA"
"335",2922656,"BA"
"336",2933059,"BA"
"337",2928604,"BA"
"338",2904001,"BA"
"339",2932309,"BA"
"340",2920700,"BA"
"341",2910503,"BA"
"342",2912103,"BA"
"343",2908408,"BA"
"344",2909901,"BA"
"345",2921450,"BA"
"346",2924678,"BA"
"347",2928406,"BA"
"348",2925204,"BA"
"349",2933174,"BA"
"350",2927002,"BA"
"351",2919157,"BA"
"352",2903904,"BA"
"353",2904209,"BA"
"354",2911857,"BA"
"355",2910750,"BA"
"356",2903508,"BA"
"357",2907103,"BA"
"358",2906907,"BA"
"359",2911501,"BA"
"360",2925709,"BA"
"361",2910057,"BA"
"362",2901700,"BA"
"363",2913705,"BA"
"364",2901353,"BA"
"365",2904902,"BA"
"366",2905909,"BA"
"367",2928000,"BA"
"368",2923100,"BA"
"369",2907905,"BA"
"370",2926301,"BA"
"371",2932903,"BA"
"372",2932606,"BA"
"373",2919603,"BA"
"374",2930766,"BA"
"375",2924504,"BA"
"376",2929800,"BA"
"377",2913457,"BA"
"378",2911600,"BA"
"379",2908200,"BA"
"380",2921906,"BA"
"381",2909406,"BA"
"382",2918308,"BA"
"383",2904753,"BA"
"384",2918357,"BA"
"385",2913200,"BA"
"386",2612208,"PE"
"387",2923357,"BA"
"388",2921807,"BA"
"389",2926103,"BA"
"390",2901155,"BA"
"391",2921302,"BA"
"392",2932101,"BA"
"393",2906808,"BA"
"394",2925956,"BA"
"395",2904100,"BA"
"396",2933604,"BA"
"397",2906873,"BA"
"398",2931103,"BA"
"399",2912509,"BA"
"400",2902302,"BA"
"401",2907004,"BA"
"402",2908101,"BA"
"403",2933000,"BA"
"404",2922805,"BA"
"405",2928059,"BA"
"406",2905206,"BA"
"407",2933455,"BA"
"408",2907202,"BA"
"409",2922409,"BA"
"410",2921401,"BA"
"411",2932804,"BA"
"412",2913408,"BA"
"413",2931509,"BA"
"414",2908606,"BA"
"415",2927200,"BA"
"416",2903276,"BA"
"417",2920106,"BA"
"418",2907400,"BA"
"419",2922904,"BA"
"420",2923407,"BA"
"421",2919801,"BA"
"422",2902203,"BA"
"423",2930402,"BA"
"424",2924603,"BA"
"425",2926509,"BA"
"426",2900801,"BA"
"427",2908002,"BA"
"428",2906303,"BA"
"429",2930600,"BA"
"430",2907806,"BA"
"431",2906600,"BA"
"432",2929305,"BA"
"433",2924652,"BA"
"434",2903607,"BA"
"435",2924702,"BA"
"436",2928505,"BA"
"437",2928208,"BA"
"438",2926400,"BA"
"439",2923001,"BA"
"440",2916005,"BA"
"441",2802908,"SE"
"442",2902054,"BA"
"443",2927507,"BA"
"444",2922607,"BA"
"445",2908309,"BA"
"446",2922201,"BA"
"447",2909307,"BA"
"448",2929701,"BA"
"449",2930808,"BA"
"450",2904852,"BA"
"451",2905800,"BA"
"452",2929503,"BA"
"453",2924108,"BA"
"454",2905008,"BA"
"455",2931053,"BA"
"456",2907558,"BA"
"457",2920809,"BA"
"458",2931202,"BA"
"459",2925501,"BA"
"460",2914406,"BA"
"461",2914109,"BA"
"462",2924405,"BA"
"463",2929750,"BA"
"464",2906105,"BA"
"465",2922854,"BA"
"466",2917003,"BA"
"467",2909109,"BA"
"468",2901809,"BA"
"469",2932507,"BA"
"470",2917359,"BA"
"471",2900405,"BA"
"472",2910602,"BA"
"473",2926707,"BA"
"474",2919405,"BA"
"475",2927606,"BA"
"476",2923209,"BA"
"477",2915007,"BA"
"478",2912301,"BA"
"479",2922706,"BA"
"480",2909703,"BA"
"481",2913002,"BA"
"482",2900900,"BA"
"483",2900504,"BA"
"484",2929602,"BA"
"485",2928307,"BA"
"486",2929354,"BA"
"487",2909604,"BA"
"488",2912004,"BA"
"489",2927804,"BA"
"490",2923035,"BA"
"491",2924306,"BA"
"492",2921005,"BA"
"493",2931301,"BA"
"494",2920452,"BA"
"495",2919702,"BA"
"496",2902609,"BA"
"497",2914000,"BA"
"498",2912400,"BA"
"499",2933406,"BA"
"500",2916302,"BA"
"501",2912806,"BA"
"502",2923605,"BA"
"503",2906824,"BA"
"504",2918100,"BA"
"505",3304557,"RJ"
"506",3552502,"SP"
"507",2908705,"BA"
"508",2917102,"BA"
"509",2920601,"BA"
"510",2902658,"BA"
"511",2304400,"CE"
"512",2918753,"BA"
"513",2906402,"BA"
"514",2917201,"BA"
"515",2906899,"BA"
"516",2912707,"BA"
"517",2915205,"BA"
"518",2932705,"BA"
"519",2929057,"BA"
"520",2902401,"BA"
"521",2904803,"BA"
"522",2917409,"BA"
"523",2920205,"BA"
"524",2901502,"BA"
"525",2923050,"BA"
"526",2907707,"BA"
"527",2903953,"BA"
"528",2915403,"BA"
"529",2905503,"BA"
"530",2922300,"BA"
"531",2927309,"BA"
"532",2922730,"BA"
"533",2916856,"BA"
"534",2906857,"BA"
"535",2900603,"BA"
"536",2916807,"BA"
"537",2905156,"BA"
"538",2916203,"BA"
"539",3541000,"SP"
"540",2926657,"BA"
"541",2920403,"BA"
"542",2903300,"BA"
"543",2930303,"BA"
"544",2613909,"PE"
"545",2924058,"BA"
"546",2900306,"BA"
"547",2916500,"BA"
"548",2929370,"BA"
"549",2914307,"BA"
"550",2911402,"BA"
"551",2921609,"BA"
"552",2926905,"BA"
"553",2903003,"BA"
"554",2928950,"BA"
"555",2920007,"BA"
"556",2921054,"BA"
"557",2919926,"BA"
"558",2910859,"BA"
"559",2904407,"BA"
"560",2915809,"BA"
"561",2926806,"BA"
"562",4106902,"PR"
"563",2900355,"BA"
"564",2929404,"BA"
"565",2912608,"BA"
"566",2909208,"BA"
"567",2931608,"BA"
"568",2904050,"BA"
"569",2916906,"BA"
"570",2922052,"BA"
"571",2927903,"BA"
"572",2930006,"BA"
"573",3205309,"ES"
"574",2802106,"SE"
"575",3205002,"ES"
"576",2924900,"BA"
"577",2933257,"BA"
"578",2933158,"BA"
"579",2933109,"BA"
"580",2924207,"BA"
"581",3201506,"ES"
"582",2911006,"BA"
"583",2803500,"SE"
"584",3505500,"SP"
"585",5300108,"DF"
"586",2932200,"BA"
"587",2905404,"BA"
"588",2915304,"BA"
"589",2910305,"BA"
"590",2920908,"BA"
"591",2911303,"BA"
"592",2904704,"BA"
"593",3205200,"ES"
"594",2903235,"BA"
"595",2925402,"BA"
"596",2918704,"BA"
"597",3204906,"ES"
"598",2917805,"BA"
"599",3201308,"ES"
"600",2932408,"BA"
"601",2307304,"CE"
"602",2909000,"BA"
"603",3157005,"MG"
"604",2918803,"BA"
"605",2919009,"BA"
"606",2910776,"BA"
"607",2910909,"BA"
"608",4314407,"RS"
"609",3101607,"MG"
"610",4300604,"RS"
"611",4314902,"RS"
"612",3539301,"SP"
"613",3502507,"SP"
"614",4322806,"RS"
"615",3303906,"RJ"
"616",2307601,"CE"
"617",2108504,"MA"
"618",2615300,"PE"
"619",3541307,"SP"
"620",2412906,"RN"
"621",3547809,"SP"
"622",1705508,"TO"
"623",2408003,"RN"
"624",5205109,"GO"
"625",3172004,"MG"
"626",3139409,"MG"
"627",1504422,"PA"
"628",1501402,"PA"
"629",4306106,"RS"
"630",3530607,"SP"
"631",3306008,"RJ"
"632",3300605,"RJ"
"633",3118601,"MG"
"634",3509502,"SP"
"635",3203205,"ES"
"636",3101706,"MG"
"637",1500800,"PA"
"638",3301702,"RJ"
"639",3552205,"SP"
"640",2107902,"MA"
"641",3549102,"SP"
"642",5212204,"GO"
"643",3540705,"SP"
"644",3503208,"SP"
"645",4202008,"SC"
"646",1501451,"PA"
"647",3516705,"SP"
"648",3503307,"SP"
"649",3501905,"SP"
"650",1100304,"RO"
"651",1501303,"PA"
"652",2613107,"PE"
"653",1100049,"RO"
"654",2111300,"MA"
"655",3170107,"MG"
"656",3554102,"SP"
"657",4316907,"RS"
"658",3551009,"SP"
"659",2107506,"MA"
"660",4314100,"RS"
"661",4122651,"PR"
"662",2504009,"PB"
"663",4115200,"PR"
"664",3549904,"SP"
"665",2601706,"PE"
"666",3135100,"MG"
"667",3304904,"RJ"
"668",3102605,"MG"
"669",3154606,"MG"
"670",3143906,"MG"
"671",5220603,"GO"
"672",3303500,"RJ"
"673",3301009,"RJ"
"674",4209102,"SC"
"675",2103703,"MA"
"676",4202404,"SC"
"677",4127106,"PR"
"678",2606002,"PE"
"679",4116901,"PR"
"680",2303709,"CE"
"681",2301109,"CE"
"682",3139300,"MG"
"683",3128105,"MG"
"684",5001102,"MS"
"685",4311304,"RS"
"686",2602902,"PE"
"687",5213806,"GO"
"688",5101407,"MT"
"689",4124053,"PR"
"690",3131703,"MG"
"691",4119509,"PR"
"692",5201405,"GO"
"693",4102000,"PR"
"694",2408102,"RN"
"695",3513405,"SP"
"696",3144805,"MG"
"697",5218805,"GO"
"698",3101508,"MG"
"699",2602209,"PE"
"700",3549805,"SP"
"701",3170206,"MG"
"702",3303302,"RJ"
"703",3306107,"RJ"
"704",3534708,"SP"
"705",2301505,"CE"
"706",5208608,"GO"
"707",3300308,"RJ"
"708",3301900,"RJ"
"709",2604809,"PE"
"710",1505304,"PA"
"711",5205406,"GO"
"712",2609907,"PE"
"713",2109809,"MA"
"714",3300407,"RJ"
"715",4314803,"RS"
"716",2102325,"MA"
"717",2807402,"SE"
"718",2207702,"PI"
"719",3306305,"RJ"
"720",2508901,"PB"
"721",4318705,"RS"
"722",4121901,"PR"
"723",4104204,"PR"
"724",3170909,"MG"
"725",3502200,"SP"
"726",4313409,"RS"
"727",1703107,"TO"
"728",3518701,"SP"
"729",4208203,"SC"
"730",3106200,"MG"
"731",3548500,"SP"
"732",2502508,"PB"
"733",5107958,"MT"
"734",4215653,"SC"
"735",3557006,"SP"
"736",3543402,"SP"
"737",3302205,"RJ"
"738",3302106,"RJ"
"739",3547304,"SP"
"740",3504503,"SP"
"741",1709302,"TO"
"742",1716505,"TO"
"743",1702109,"TO"
"744",2200509,"PI"
"745",3524303,"SP"
"746",3545803,"SP"
"747",3513702,"SP"
"748",4101002,"PR"
"749",4308607,"RS"
"750",3518800,"SP"
"751",4106407,"PR"
"752",4119905,"PR"
"753",1714302,"TO"
"754",2105302,"MA"
"755",3131208,"MG"
"756",4127700,"PR"
"757",3304102,"RJ"
"758",3301876,"RJ"
"759",3147907,"MG"
"760",3170701,"MG"
"761",3136900,"MG"
"762",3106309,"MG"
"763",2608701,"PE"
"764",2107456,"MA"
"765",3132404,"MG"
"766",4322400,"RS"
"767",2112506,"MA"
"768",3552809,"SP"
"769",2103000,"MA"
"770",2208874,"PI"
"771",2210102,"PI"
"772",4323002,"RS"
"773",3516200,"SP"
"774",4108403,"PR"
"775",2516201,"PB"
"776",5002704,"MS"
"777",4211504,"SC"
"778",4205001,"SC"
"779",4208906,"SC"
"780",3507605,"SP"
"781",3169901,"MG"
"782",3523404,"SP"
"783",3106705,"MG"
"784",3145604,"MG"
"785",4209300,"SC"
"786",3556206,"SP"
"787",4219705,"SC"
"788",3143807,"MG"
"789",3163201,"MG"
"790",3152501,"MG"
"791",4307807,"RS"
"792",2304285,"CE"
"793",2100055,"MA"
"794",3504107,"SP"
"795",2600609,"PE"
"796",4218707,"SC"
"797",3122009,"MG"
"798",4300638,"RS"
"799",4314506,"RS"
"800",4204608,"SC"
"801",2108009,"MA"
"802",5107602,"MT"
"803",5201108,"GO"
"804",3115300,"MG"
"805",3501608,"SP"
"806",4312401,"RS"
"807",2801207,"SE"
"808",3505708,"SP"
"809",2306306,"CE"
"810",4305108,"RS"
"811",3151404,"MG"
"812",4101408,"PR"
"813",2302206,"CE"
"814",1507003,"PA"
"815",5105200,"MT"
"816",3122306,"MG"
"817",2111003,"MA"
"818",4322509,"RS"
"819",3518404,"SP"
"820",3302700,"RJ"
"821",3526902,"SP"
"822",1100122,"RO"
"823",2609006,"PE"
"824",3548906,"SP"
"825",3127503,"MG"
"826",2308500,"CE"
"827",4100400,"PR"
"828",1508001,"PA"
"829",3511102,"SP"
"830",4113700,"PR"
"831",3544202,"SP"
"832",3548807,"SP"
"833",3131901,"MG"
"834",2604601,"PE"
"835",1503606,"PA"
"836",2604007,"PE"
"837",5207501,"GO"
"838",5212501,"GO"
"839",3538709,"SP"
"840",3541406,"SP"
"841",1718204,"TO"
"842",1718501,"TO"
"843",1700707,"TO"
"844",2202604,"PI"
"845",3302502,"RJ"
"846",3304151,"RJ"
"847",3557105,"SP"
"848",4313706,"RS"
"849",4316105,"RS"
"850",4318903,"RS"
"851",2202901,"PI"
"852",2207009,"PI"
"853",4307005,"RS"
"854",5215231,"GO"
"855",3302007,"RJ"
"856",3300100,"RJ"
"857",4315602,"RS"
"858",3510708,"SP"
"859",3163706,"MG"
"860",3506508,"SP"
"861",2507507,"PB"
"862",2508604,"PB"
"863",2400802,"RN"
"864",3510609,"SP"
"865",3303609,"RJ"
"866",2304103,"CE"
"867",2402006,"RN"
"868",2510808,"PB"
"869",2112308,"MA"
"870",3525300,"SP"
"871",2606507,"PE"
"872",1504208,"PA"
"873",2513703,"PB"
"874",4303004,"RS"
"875",1503101,"PA"
"876",3554003,"SP"
"877",2506301,"PB"
"878",2609600,"PE"
"879",2307650,"CE"
"880",4210035,"SC"
"881",4216602,"SC"
"882",4207205,"SC"
"883",3530201,"SP"
"884",2406700,"RN"
"885",3552403,"SP"
"886",3168705,"MG"
"887",3515707,"SP"
"888",4217204,"SC"
"889",3106408,"MG"
"890",2613305,"PE"
"891",2206407,"PI"
"892",2203305,"PI"
"893",3522307,"SP"
"894",2312908,"CE"
"895",3522406,"SP"
"896",2102309,"MA"
"897",3151800,"MG"
"898",3114907,"MG"
"899",5211909,"GO"
"900",4115804,"PR"
"901",2100709,"MA"
"902",2601102,"PE"
"903",2208007,"PI"
"904",2414753,"RN"
"905",3512001,"SP"
"906",1721000,"TO"
"907",1718402,"TO"
"908",1707405,"TO"
"909",1702901,"TO"
"910",4101507,"PR"
"911",2613503,"PE"
"912",3543303,"SP"
"913",1400100,"RR"
"914",2110005,"MA"
"915",3537602,"SP"
"916",4307906,"RS"
"917",4304507,"RS"
"918",4302907,"RS"
"919",3304201,"RJ"
"920",3300704,"RJ"
"921",4308201,"RS"
"922",4104006,"PR"
"923",2300200,"CE"
"924",3164704,"MG"
"925",3555109,"SP"
"926",2407203,"RN"
"927",3111507,"MG"
"928",4124905,"PR"
"929",2312403,"CE"
"930",4302105,"RS"
"931",4317509,"RS"
"932",2200905,"PI"
"933",3304524,"RJ"
"934",4104303,"PR"
"935",4114203,"PR"
"936",3303708,"RJ"
"937",3113206,"MG"
"938",2802809,"SE"
"939",4108205,"PR"
"940",4120606,"PR"
"941",4320008,"RS"
"942",2301000,"CE"
"943",2400109,"RN"
"944",4310207,"RS"
"945",3305505,"RJ"
"946",4317103,"RS"
"947",3121605,"MG"
"948",5208004,"GO"
"949",2205508,"PI"
"950",3535408,"SP"
"951",2614501,"PE"
"952",4309803,"RS"
"953",4323358,"RS"
"954",4304630,"RS"
"955",3538808,"SP"
"956",4215901,"SC"
"957",3538006,"SP"
"958",2205573,"PI"
"959",3523107,"SP"
"960",1716109,"TO"
"961",3534401,"SP"
"962",4105508,"PR"
"963",1501907,"PA"
"964",3136702,"MG"
"965",4104808,"PR"
"966",4109609,"PR"
"967",3539806,"SP"
"968",4205407,"SC"
"969",3520509,"SP"
"970",2310308,"CE"
"971",4305454,"RS"
"972",4321709,"RS"
"973",3136207,"MG"
"974",2201606,"PI"
"975",2501500,"PB"
"976",2305308,"CE"
"977",2301208,"CE"
"978",4322004,"RS"
"979",4111506,"PR"
"980",3529401,"SP"
"981",4101804,"PR"
"982",3148004,"MG"
"983",3202801,"ES"
"984",2308401,"CE"
"985",1505536,"PA"
"986",2309607,"CE"
"987",3536208,"SP"
"988",3113008,"MG"
"989",4100509,"PR"
"990",3164001,"MG"
"991",3529302,"SP"
"992",4204806,"SC"
"993",2208403,"PI"
"994",3555505,"SP"
"995",2106508,"MA"
"996",3529005,"SP"
"997",3513009,"SP"
"998",2603801,"PE"
"999",4210605,"SC"
"1000",4216057,"SC"
"1001",3105608,"MG"
"1002",3170438,"MG"
"1003",5214606,"GO"
"1004",2302602,"CE"
"1005",4203204,"SC"
"1006",4109401,"PR"
"1007",4120150,"PR"
"1008",4208807,"SC"
"1009",4217709,"SC"
"1010",4215703,"SC"
"1011",3502804,"SP"
"1012",3530508,"SP"
"1013",3526704,"SP"
"1014",3152105,"MG"
"1015",5106505,"MT"
"1016",3131307,"MG"
"1017",2501807,"PB"
"1018",2806107,"SE"
"1019",2409407,"RN"
"1020",2203909,"PI"
"1021",2512309,"PB"
"1022",2101509,"MA"
"1023",2111201,"MA"
"1024",2109106,"MA"
"1025",1505437,"PA"
"1026",3305604,"RJ"
"1027",3305901,"RJ"
"1028",1500909,"PA"
"1029",1505106,"PA"
"1030",3116605,"MG"
"1031",4105706,"PR"
"1032",4219507,"SC"
"1033",4316808,"RS"
"1034",3534609,"SP"
"1035",5218607,"GO"
"1036",3305109,"RJ"
"1037",3137205,"MG"
"1038",5103205,"MT"
"1039",3505906,"SP"
"1040",1505809,"PA"
"1041",2611002,"PE"
"1042",2101400,"MA"
"1043",2511202,"PB"
"1044",1507953,"PA"
"1045",3151503,"MG"
"1046",3502705,"SP"
"1047",3556701,"SP"
"1048",2610608,"PE"
"1049",3527108,"SP"
"1050",2516607,"PB"
"1051",3138807,"MG"
"1052",4211702,"SC"
"1053",3129806,"MG"
"1054",2402709,"RN"
"1055",5201702,"GO"
"1056",5002159,"MS"
"1057",2607505,"PE"
"1058",4318101,"RS"
"1059",3202207,"ES"
"1060",5200258,"GO"
"1061",2112209,"MA"
"1062",2201903,"PI"
"1063",3540606,"SP"
"1064",2306553,"CE"
"1065",2311801,"CE"
"1066",3530706,"SP"
"1067",4208500,"SC"
"1068",3519071,"SP"
"1069",1505502,"PA"
"1070",2503704,"PB"
"1071",1502103,"PA"
"1072",2202000,"PI"
"1073",4202909,"SC"
"1074",3526407,"SP"
"1075",2610202,"PE"
"1076",4215505,"SC"
"1077",4217907,"SC"
"1078",4303905,"RS"
"1079",4317400,"RS"
"1080",4309209,"RS"
"1081",4322608,"RS"
"1082",3550803,"SP"
"1083",2613602,"PE"
"1084",3305802,"RJ"
"1085",1720101,"TO"
"1086",4103701,"PR"
"1087",2205953,"PI"
"1088",2201408,"PI"
"1089",4317301,"RS"
"1090",2600401,"PE"
"1091",3302858,"RJ"
"1092",3545209,"SP"
"1093",3513801,"SP"
"1094",2103307,"MA"
"1095",4124608,"PR"
"1096",4308458,"RS"
"1097",2303600,"CE"
"1098",3302403,"RJ"
"1099",2400307,"RN"
"1100",3137908,"MG"
"1101",2412500,"RN"
"1102",2501906,"PB"
"1103",3168507,"MG"
"1104",1709500,"TO"
"1105",2307254,"CE"
"1106",4125605,"PR"
"1107",4321600,"RS"
"1108",3303401,"RJ"
"1109",3113909,"MG"
"1110",2405801,"RN"
"1111",4120408,"PR"
"1112",3170404,"MG"
"1113",2607901,"PE"
"1114",3204104,"ES"
"1115",3157807,"MG"
"1116",2102101,"MA"
"1117",2111607,"MA"
"1118",4304606,"RS"
"1119",3524204,"SP"
"1120",4212007,"SC"
"1121",4216701,"SC"
"1122",4212106,"SC"
"1123",3160702,"MG"
"1124",3128709,"MG"
"1125",2600054,"PE"
"1126",2606804,"PE"
"1127",1500602,"PA"
"1128",4201950,"SC"
"1129",4207908,"SC"
"1130",5102504,"MT"
"1131",3539509,"SP"
"1132",2606309,"PE"
"1133",3545308,"SP"
"1134",3110608,"MG"
"1135",5218904,"GO"
"1136",5218300,"GO"
"1137",3521309,"SP"
"1138",3522604,"SP"
"1139",4311007,"RS"
"1140",2603009,"PE"
"1141",3554409,"SP"
"1142",2607208,"PE"
"1143",4127965,"PR"
"1144",2108603,"MA"
"1145",5004700,"MS"
"1146",3167202,"MG"
"1147",2204303,"PI"
"1148",4113452,"PR"
"1149",1502400,"PA"
"1150",4301602,"RS"
"1151",3509700,"SP"
"1152",4311809,"RS"
"1153",4303509,"RS"
"1154",2507002,"PB"
"1155",1506500,"PA"
"1156",4209003,"SC"
"1157",4207304,"SC"
"1158",4125506,"PR"
"1159",3524402,"SP"
"1160",2311959,"CE"
"1161",3300209,"RJ"
"1162",3526803,"SP"
"1163",4111803,"PR"
"1164",4218202,"SC"
"1165",2311702,"CE"
"1166",5100201,"MT"
"1167",3301405,"RJ"
"1168",3305307,"RJ"
"1169",4107405,"PR"
"1170",2313807,"CE"
"1171",3154457,"MG"
"1172",3538907,"SP"
"1173",3511904,"SP"
"1174",2311405,"CE"
"1175",4207007,"SC"
"1176",3104908,"MG"
"1177",5003702,"MS"
"1178",5008008,"MS"
"1179",3201407,"ES"
"1180",3104007,"MG"
"1181",1500206,"PA"
"1182",2102606,"MA"
"1183",4201406,"SC"
"1184",1506104,"PA"
"1185",2608750,"PE"
"1186",3510500,"SP"
"1187",3542909,"SP"
"1188",2209104,"PI"
"1189",3139508,"MG"
"1190",1701002,"TO"
"1191",4313508,"RS"
"1192",3548708,"SP"
"1193",3554805,"SP"
"1194",4203501,"SC"
"1195",3537305,"SP"
"1196",3302270,"RJ"
"1197",3144607,"MG"
"1198",1709005,"TO"
"1199",3510203,"SP"
"1200",4120903,"PR"
"1201",3134202,"MG"
"1202",2504306,"PB"
"1203",1710508,"TO"
"1204",3301850,"RJ"
"1205",2210409,"PI"
"1206",2516805,"PB"
"1207",3113701,"MG"
"1208",1506005,"PA"
"1209",4110805,"PR"
"1210",5217401,"GO"
"1211",5218508,"GO"
"1212",5214408,"GO"
"1213",2607653,"PE"
"1214",3140001,"MG"
"1215",2302800,"CE"
"1216",2409803,"RN"
"1217",3118007,"MG"
"1218",4127809,"PR"
"1219",3126208,"MG"
"1220",4112108,"PR"
"1221",4125704,"PR"
"1222",5107909,"MT"
"1223",5006606,"MS"
"1224",2101707,"MA"
"1225",5204508,"GO"
"1226",2112233,"MA"
"1227",4315107,"RS"
"1228",4305207,"RS"
"1229",5003108,"MS"
"1230",3138906,"MG"
"1231",2505808,"PB"
"1232",1400209,"RR"
"1233",2304202,"CE"
"1234",4105409,"PR"
"1235",2302305,"CE"
"1236",2108306,"MA"
"1237",5003801,"MS"
"1238",4202800,"SC"
"1239",1507300,"PA"
"1240",3127701,"MG"
"1241",2109908,"MA"
"1242",4302808,"RS"
"1243",3300506,"RJ"
"1244",2303204,"CE"
"1245",2100436,"MA"
"1246",4304200,"RS"
"1247",2309409,"CE"
"1248",3201209,"ES"
"1249",2300309,"CE"
"1250",4304705,"RS"
"1251",5007109,"MS"
"1252",3131802,"MG"
"1253",3526209,"SP"
"1254",4306601,"RS"
"1255",1101500,"RO"
"1256",4203600,"SC"
"1257",2303808,"CE"
"1258",4320206,"RS"
"1259",3168606,"MG"
"1260",3543907,"SP"
"1261",3549409,"SP"
"1262",3537909,"SP"
"1263",3202306,"ES"
"1264",3524105,"SP"
"1265",3302908,"RJ"
"1266",4321006,"RS"
"1267",2105005,"MA"
"1268",4309308,"RS"
"1269",1506161,"PA"
"1270",4318002,"RS"
"1271",3119401,"MG"
"1272",3548609,"SP"
"1273",1507979,"PA"
"1274",2301703,"CE"
"1275",3139904,"MG"
"1276",4304663,"RS"
"1277",2205250,"PI"
"1278",2205524,"PI"
"1279",3523909,"SP"
"1280",2601201,"PE"
"1281",3537404,"SP"
"1282",3143401,"MG"
"1283",3168408,"MG"
"1284",1506351,"PA"
"1285",5214507,"GO"
"1286",3537008,"SP"
"1287",3502101,"SP"
"1288",4319604,"RS"
"1289",1507755,"PA"
"1290",2112803,"MA"
"1291",2409704,"RN"
"1292",3541505,"SP"
"1293",2509404,"PB"
"1294",2210607,"PI"
"1295",4311403,"RS"
"1296",2602308,"PE"
"1297",4215802,"SC"
"1298",4118501,"PR"
"1299",3500600,"SP"
"1300",4128500,"PR"
"1301",4203006,"SC"
"1302",3144359,"MG"
"1303",2205805,"PI"
"1304",2807501,"SE"
"1305",5104906,"MT"
"1306",4126256,"PR"
"1307",3109006,"MG"
"1308",3507506,"SP"
"1309",3140704,"MG"
"1310",4307450,"RS"
"1311",4310504,"RS"
"1312",3132305,"MG"
"1313",2601607,"PE"
"1314",3514809,"SP"
"1315",2211357,"PI"
"1316",2313005,"CE"
"1317",4212650,"SC"
"1318",4321402,"RS"
"1319",4127304,"PR"
"1320",3554508,"SP"
"1321",3114550,"MG"
"1322",2308302,"CE"
"1323",2313351,"CE"
"1324",2207603,"PI"
"1325",2202554,"PI"
"1326",2309706,"CE"
"1327",3547601,"SP"
"1328",5107107,"MT"
"1329",2202703,"PI"
"1330",2205706,"PI"
"1331",3149309,"MG"
"1332",3540804,"SP"
"1333",3550001,"SP"
"1334",4219309,"SC"
"1335",2304301,"CE"
"1336",3514403,"SP"
"1337",2506806,"PB"
"1338",1722107,"TO"
"1339",3532603,"SP"
"1340",1506302,"PA"
"1341",2515500,"PB"
"1342",4300406,"RS"
"1343",3138401,"MG"
"1344",3161007,"MG"
"1345",2200400,"PI"
"1346",3146107,"MG"
"1347",2112902,"MA"
"1348",3516408,"SP"
"1349",2602803,"PE"
"1350",3504008,"SP"
"1351",2114007,"MA"
"1352",4115705,"PR"
"1353",3550902,"SP"
"1354",4205902,"SC"
"1355",3530805,"SP"
"1356",5101803,"MT"
"1357",3117504,"MG"
"1358",5218003,"GO"
"1359",1504752,"PA"
"1360",2305803,"CE"
"1361",2313955,"CE"
"1362",3142601,"MG"
"1363",3111200,"MG"
"1364",3151701,"MG"
"1365",4201505,"SC"
"1366",3524006,"SP"
"1367",3153400,"MG"
"1368",2516508,"PB"
"1369",2600807,"PE"
"1370",3124104,"MG"
"1371",2107704,"MA"
"1372",5206206,"GO"
"1373",4200101,"SC"
"1374",2106003,"MA"
"1375",3303203,"RJ"
"1376",2205102,"PI"
"1377",5102637,"MT"
"1378",1508308,"PA"
"1379",5219506,"GO"
"1380",3159605,"MG"
"1381",5205497,"GO"
"1382",2608404,"PE"
"1383",2112407,"MA"
"1384",2110302,"MA"
"1385",4114401,"PR"
"1386",1508357,"PA"
"1387",4320263,"RS"
"1388",3500105,"SP"
"1389",2202133,"PI"
"1390",2207553,"PI"
"1391",2303501,"CE"
"1392",3151206,"MG"
"1393",5100250,"MT"
"1394",2101202,"MA"
"1395",3508801,"SP"
"1396",3130101,"MG"
"1397",3553005,"SP"
"1398",3149200,"MG"
"1399",1501782,"PA"
"1400",3204559,"ES"
"1401",3169307,"MG"
"1402",3300902,"RJ"
"1403",3304003,"RJ"
"1404",2403608,"RN"
"1405",3509403,"SP"
"1406",4304804,"RS"
"1407",4310108,"RS"
"1408",3557204,"SP"
"1409",4318606,"RS"
"1410",4218608,"SC"
"1411",4214003,"SC"
"1412",2108207,"MA"
"1413",4106605,"PR"
"1414",3137809,"MG"
"1415",3115508,"MG"
"1416",2509701,"PB"
"1417",2305407,"CE"
"1418",4301206,"RS"
"1419",5001904,"MS"
"1420",2303659,"CE"
"1421",3553708,"SP"
"1422",3545001,"SP"
"1423",2805505,"SE"
"1424",1506138,"PA"
"1425",1502202,"PA"
"1426",3203403,"ES"
"1427",3133808,"MG"
"1428",2404804,"RN"
"1429",3145307,"MG"
"1430",3137601,"MG"
"1431",4310801,"RS"
"1432",2311900,"CE"
"1433",2403202,"RN"
"1434",2610004,"PE"
"1435",3522208,"SP"
"1436",4115309,"PR"
"1437",3301306,"RJ"
"1438",4307708,"RS"
"1439",4308003,"RS"
"1440",4314027,"RS"
"1441",2205581,"PI"
"1442",3528502,"SP"
"1443",3205069,"ES"
"1444",3514908,"SP"
"1445",2204808,"PI"
"1446",2206506,"PI"
"1447",4300109,"RS"
"1448",2313302,"CE"
"1449",3538105,"SP"
"1450",2305654,"CE"
"1451",3521606,"SP"
"1452",3200607,"ES"
"1453",4114906,"PR"
"1454",1100452,"RO"
"1455",1507706,"PA"
"1456",4128203,"PR"
"1457",5204904,"GO"
"1458",5217609,"GO"
"1459",4117503,"PR"
"1460",2302057,"CE"
"1461",1702554,"TO"
"1462",4128104,"PR"
"1463",2804805,"SE"
"1464",4126801,"PR"
"1465",4320404,"RS"
"1466",4312757,"RS"
"1467",4303103,"RS"
"1468",1507409,"PA"
"1469",2209500,"PI"
"1470",3155801,"MG"
"1471",3112208,"MG"
"1472",2111029,"MA"
"1473",4321907,"RS"
"1474",4306551,"RS"
"1475",2101608,"MA"
"1476",4319000,"RS"
"1477",4305900,"RS"
"1478",1501576,"PA"
"1479",4308508,"RS"
"1480",2304251,"CE"
"1481",2314003,"CE"
"1482",4121703,"PR"
"1483",3107406,"MG"
"1484",5103502,"MT"
"1485",3203908,"ES"
"1486",4216206,"SC"
"1487",4300802,"RS"
"1488",4306809,"RS"
"1489",1100189,"RO"
"1490",2513901,"PB"
"1491",3162807,"MG"
"1492",3154101,"MG"
"1493",4108304,"PR"
"1494",4118402,"PR"
"1495",4204202,"SC"
"1496",3530102,"SP"
"1497",4104600,"PR"
"1498",5203401,"GO"
"1499",3522109,"SP"
"1500",1503093,"PA"
"1501",4315453,"RS"
"1502",3109204,"MG"
"1503",4116703,"PR"
"1504",4304408,"RS"
"1505",3157708,"MG"
"1506",3523503,"SP"
"1507",3508405,"SP"
"1508",3147105,"MG"
"1509",2104677,"MA"
"1510",1504703,"PA"
"1511",5204300,"GO"
"1512",4106209,"PR"
"1513",2609709,"PE"
"1514",3305208,"RJ"
"1515",3136306,"MG"
"1516",2310803,"CE"
"1517",1504802,"PA"
"1518",3156007,"MG"
"1519",2306009,"CE"
"1520",3524808,"SP"
"1521",3555307,"SP"
"1522",5221858,"GO"
"1523",3506102,"SP"
"1524",2211308,"PI"
"1525",4218806,"SC"
"1526",4211058,"SC"
"1527",2206357,"PI"
"1528",4112009,"PR"
"1529",3542206,"SP"
"1530",3162500,"MG"
"1531",3202900,"ES"
"1532",3162955,"MG"
"1533",1717503,"TO"
"1534",2104800,"MA"
"1535",5220405,"GO"
"1536",2205201,"PI"
"1537",4124103,"PR"
"1538",3555000,"SP"
"1539",3171204,"MG"
"1540",5210000,"GO"
"1541",4203808,"SC"
"1542",3130507,"MG"
"1543",2305233,"CE"
"1544",1100106,"RO"
"1545",4318507,"RS"
"1546",2305902,"CE"
"1547",2305605,"CE"
"1548",4309407,"RS"
"1549",3118304,"MG"
"1550",2806206,"SE"
"1551",3516903,"SP"
"1552",4105805,"PR"
"1553",5103353,"MT"
"1554",4212205,"SC"
"1555",4206504,"SC"
"1556",3137700,"MG"
"1557",3203106,"ES"
"1558",1505908,"PA"
"1559",3135209,"MG"
"1560",3148103,"MG"
"1561",3102209,"MG"
"1562",2613701,"PE"
"1563",3204005,"ES"
"1564",3118809,"MG"
"1565",2515302,"PB"
"1566",3112059,"MG"
"1567",3542602,"SP"
"1568",2110104,"MA"
"1569",1502756,"PA"
"1570",3150802,"MG"
"1571",2313104,"CE"
"1572",4110706,"PR"
"1573",3519303,"SP"
"1574",3107109,"MG"
"1575",2610707,"PE"
"1576",4318200,"RS"
"1577",1703891,"TO"
"1578",4104428,"PR"
"1579",5203302,"GO"
"1580",3551702,"SP"
"1581",3168002,"MG"
"1582",5215603,"GO"
"1583",1100155,"RO"
"1584",2807600,"SE"
"1585",4321501,"RS"
"1586",3162005,"MG"
"1587",2616407,"PE"
"1588",2804904,"SE"
"1589",4118204,"PR"
"1590",3304144,"RJ"
"1591",4208302,"SC"
"1592",2303402,"CE"
"1593",4319901,"RS"
"1594",3142700,"MG"
"1595",3171303,"MG"
"1596",2615201,"PE"
"1597",4208104,"SC"
"1598",5002902,"MS"
"1599",4306403,"RS"
"1600",4102505,"PR"
"1601",4306007,"RS"
"1602",1506203,"PA"
"1603",3544004,"SP"
"1604",3156700,"MG"
"1605",4102109,"PR"
"1606",3137007,"MG"
"1607",4309605,"RS"
"1608",3115805,"MG"
"1609",2205276,"PI"
"1610",2102408,"MA"
"1611",4318804,"RS"
"1612",2305506,"CE"
"1613",2605103,"PE"
"1614",4319406,"RS"
"1615",4300505,"RS"
"1616",3507001,"SP"
"1617",3533908,"SP"
"1618",5217708,"GO"
"1619",5203500,"GO"
"1620",2608800,"PE"
"1621",4321451,"RS"
"1622",2605707,"PE"
"1623",1508209,"PA"
"1624",3169604,"MG"
"1625",3132909,"MG"
"1626",4210100,"SC"
"1627",4209409,"SC"
"1628",1500107,"PA"
"1629",2502805,"PB"
"1630",4317202,"RS"
"1631",2516706,"PB"
"1632",3300233,"RJ"
"1633",3531100,"SP"
"1634",4305306,"RS"
"1635",5005707,"MS"
"1636",5108501,"MT"
"1637",5211503,"GO"
"1638",3534906,"SP"
"1639",3305158,"RJ"
"1640",4111258,"PR"
"1641",3111002,"MG"
"1642",3544509,"SP"
"1643",3143104,"MG"
"1644",2104602,"MA"
"1645",3516804,"SP"
"1646",3133303,"MG"
"1647",2406155,"RN"
"1648",2403251,"RN"
"1649",5212808,"GO"
"1650",2103406,"MA"
"1651",2407104,"RN"
"1652",5108402,"MT"
"1653",1721208,"TO"
"1654",2414308,"RN"
"1655",1707009,"TO"
"1656",5200134,"GO"
"1657",4106803,"PR"
"1658",2111508,"MA"
"1659",5106307,"MT"
"1660",2313609,"CE"
"1661",4121802,"PR"
"1662",3511300,"SP"
"1663",3155603,"MG"
"1664",2203701,"PI"
"1665",2501005,"PB"
"1666",3141504,"MG"
"1667",4206306,"SC"
"1668",3549706,"SP"
"1669",4109302,"PR"
"1670",2111763,"MA"
"1671",3538501,"SP"
"1672",1502301,"PA"
"1673",2605202,"PE"
"1674",4116208,"PR"
"1675",5215306,"GO"
"1676",3144706,"MG"
"1677",5006309,"MS"
"1678",2312106,"CE"
"1679",2208601,"PI"
"1680",4315503,"RS"
"1681",3205036,"ES"
"1682",4110607,"PR"
"1683",3516002,"SP"
"1684",3518602,"SP"
"1685",3512407,"SP"
"1686",2105401,"MA"
"1687",3506300,"SP"
"1688",4321204,"RS"
"1689",4314050,"RS"
"1690",5216304,"GO"
"1691",2201919,"PI"
"1692",2210508,"PI"
"1693",4111407,"PR"
"1694",2500106,"PB"
"1695",2512804,"PB"
"1696",3524709,"SP"
"1697",2309508,"CE"
"1698",3160405,"MG"
"1699",5220686,"GO"
"1700",3138203,"MG"
"1701",3551603,"SP"
"1702",4214805,"SC"
"1703",2408201,"RN"
"1704",2310209,"CE"
"1705",3503901,"SP"
"1706",2110658,"MA"
"1707",3165305,"MG"
"1708",4122404,"PR"
"1709",5106224,"MT"
"1710",3509601,"SP"
"1711",4107652,"PR"
"1712",3306206,"RJ"
"1713",3162450,"MG"
"1714",3546801,"SP"
"1715",3501707,"SP"
"1716",2301901,"CE"
"1717",4313656,"RS"
"1718",2104099,"MA"
"1719",3124302,"MG"
"1720",3536505,"SP"
"1721",3500709,"SP"
"1722",5210406,"GO"
"1723",2306405,"CE"
"1724",4217808,"SC"
"1725",3112307,"MG"
"1726",3543600,"SP"
"1727",1400050,"RR"
"1728",4313607,"RS"
"1729",2208809,"PI"
"1730",2112456,"MA"
"1731",4205209,"SC"
"1732",3555406,"SP"
"1733",4218905,"SC"
"1734",2100873,"MA"
"1735",1502707,"PA"
"1736",4314704,"RS"
"1737",2612505,"PE"
"1738",2209609,"PI"
"1739",3103405,"MG"
"1740",4216503,"SC"
"1741",4200200,"SC"
"1742",2609402,"PE"
"1743",1502004,"PA"
"1744",4107207,"PR"
"1745",3140803,"MG"
"1746",3161106,"MG"
"1747",1508084,"PA"
"1748",5220264,"GO"
"1749",5213855,"GO"
"1750",1503077,"PA"
"1751",1505031,"PA"
"1752",3304805,"RJ"
"1753",4102802,"PR"
"1754",3171808,"MG"
"1755",3534302,"SP"
"1756",3146008,"MG"
"1757",3537107,"SP"
"1758",3304755,"RJ"
"1759",4313037,"RS"
"1760",1707553,"TO"
"1761",4113304,"PR"
"1762",3510807,"SP"
"1763",4122305,"PR"
"1764",3508504,"SP"
"1765",2313401,"CE"
"1766",1720978,"TO"
"1767",2601508,"PE"
"1768",2305704,"CE"
"1769",5209101,"GO"
"1770",4215000,"SC"
"1771",5105150,"MT"
"1772",2611507,"PE"
"1773",1701051,"TO"
"1774",1713205,"TO"
"1775",1708205,"TO"
"1776",5221403,"GO"
"1777",3169356,"MG"
"1778",2100907,"MA"
"1779",2506905,"PB"
"1780",2304459,"CE"
"1781",2409100,"RN"
"1782",2616308,"PE"
"1783",3162906,"MG"
"1784",2306108,"CE"
"1785",4309100,"RS"
"1786",4309506,"RS"
"1787",4317707,"RS"
"1788",4307831,"RS"
"1789",2800100,"SE"
"1790",3522505,"SP"
"1791",5107925,"MT"
"1792",2605509,"PE"
"1793",2304707,"CE"
"1794",3545407,"SP"
"1795",3529203,"SP"
"1796",4313201,"RS"
"1797",2806701,"SE"
"1798",2516300,"PB"
"1799",1501709,"PA"
"1800",4311254,"RS"
"1801",4320800,"RS"
"1802",4104907,"PR"
"1803",4318408,"RS"
"1804",3300456,"RJ"
"1805",4115754,"PR"
"1806",3141405,"MG"
"1807",4115101,"PR"
"1808",3165206,"MG"
"1809",4127858,"PR"
"1810",2102036,"MA"
"1811",4318309,"RS"
"1812",2301257,"CE"
"1813",3509007,"SP"
"1814",2600104,"PE"
"1815",2807105,"SE"
"1816",2302404,"CE"
"1817",3531308,"SP"
"1818",5106752,"MT"
"1819",3114105,"MG"
"1820",3543501,"SP"
"1821",4207502,"SC"
"1822",2211209,"PI"
"1823",4107009,"PR"
"1824",2100477,"MA"
"1825",1507458,"PA"
"1826",5101704,"MT"
"1827",1508100,"PA"
"1828",3143500,"MG"
"1829",2414209,"RN"
"1830",2505709,"PB"
"1831",5212105,"GO"
"1832",2313203,"CE"
"1833",3515004,"SP"
"1834",3556503,"SP"
"1835",1503705,"PA"
"1836",3139805,"MG"
"1837",2313500,"CE"
"1838",2103208,"MA"
"1839",4206900,"SC"
"1840",3113602,"MG"
"1841",3171709,"MG"
"1842",2806305,"SE"
"1843",3154002,"MG"
"1844",3552106,"SP"
"1845",2601904,"PE"
"1846",4112702,"PR"
"1847",2513406,"PB"
"1848",3519204,"SP"
"1849",4216008,"SC"
"1850",3150505,"MG"
"1851",2408300,"RN"
"1852",3203304,"ES"
"1853",3519709,"SP"
"1854",5208905,"GO"
"1855",3125101,"MG"
"1856",2205409,"PI"
"1857",2205854,"PI"
"1858",2307403,"CE"
"1859",1100023,"RO"
"1860",2202059,"PI"
"1861",2200202,"PI"
"1862",2201507,"PI"
"1863",3204203,"ES"
"1864",5219001,"GO"
"1865",3512100,"SP"
"1866",2108454,"MA"
"1867",2512903,"PB"
"1868",2109601,"MA"
"1869",3550605,"SP"
"1870",5107800,"MT"
"1871",2510907,"PB"
"1872",3110004,"MG"
"1873",3100906,"MG"
"1874",1501758,"PA"
"1875",2610509,"PE"
"1876",3202108,"ES"
"1877",5204409,"GO"
"1878",2614600,"PE"
"1879",4305405,"RS"
"1880",3200102,"ES"
"1881",2202208,"PI"
"1882",1502905,"PA"
"1883",3548104,"SP"
"1884",2606200,"PE"
"1885",3523206,"SP"
"1886",2607307,"PE"
"1887",2104909,"MA"
"1888",3200904,"ES"
"1889",4100202,"PR"
"1890",3200201,"ES"
"1891",5105259,"MT"
"1892",3541604,"SP"
"1893",3132206,"MG"
"1894",2512101,"PB"
"1895",2302503,"CE"
"1896",4303301,"RS"
"1897",3154309,"MG"
"1898",2306256,"CE"
"1899",5004601,"MS"
"1900",1500404,"PA"
"1901",4108601,"PR"
"1902",4308706,"RS"
"1903",5209937,"GO"
"1904",5211800,"GO"
"1905",3504602,"SP"
"1906",1504604,"PA"
"1907",1100080,"RO"
"1908",5209903,"GO"
"1909",3102001,"MG"
"1910",3139201,"MG"
"1911",3133758,"MG"
"1912",3139003,"MG"
"1913",2207900,"PI"
"1914",2301307,"CE"
"1915",3109402,"MG"
"1916",2306801,"CE"
"1917",3556800,"SP"
"1918",2606101,"PE"
"1919",4118857,"PR"
"1920",3540200,"SP"
"1921",2308708,"CE"
"1922",4320701,"RS"
"1923",3305000,"RJ"
"1924",2605004,"PE"
"1925",5106232,"MT"
"1926",3132503,"MG"
"1927",3167103,"MG"
"1928",3104304,"MG"
"1929",2210631,"PI"
"1930",2206209,"PI"
"1931",3136009,"MG"
"1932",2405702,"RN"
"1933",5003207,"MS"
"1934",1100015,"RO"
"1935",4127957,"PR"
"1936",2112704,"MA"
"1937",2103604,"MA"
"1938",2801009,"SE"
"1939",3550704,"SP"
"1940",2800605,"SE"
"1941",3517802,"SP"
"1942",2100808,"MA"
"1943",2111102,"MA"
"1944",4128609,"PR"
"1945",1702208,"TO"
"1946",3127008,"MG"
"1947",3506359,"SP"
"1948",2501104,"PB"
"1949",3503604,"SP"
"1950",2102804,"MA"
"1951",3113404,"MG"
"1952",2314102,"CE"
"1953",4307609,"RS"
"1954",5102678,"MT"
"1955",3521804,"SP"
"1956",1720903,"TO"
"1957",2110278,"MA"
"1958",3546603,"SP"
"1959",2803708,"SE"
"1960",2102358,"MA"
"1961",2110039,"MA"
"1962",1503507,"PA"
"1963",2310258,"CE"
"1964",1504109,"PA"
"1965",2606408,"PE"
"1966",4116802,"PR"
"1967",1503200,"PA"
"1968",5210901,"GO"
"1969",3302254,"RJ"
"1970",2402600,"RN"
"1971",2106805,"MA"
"1972",2205003,"PI"
"1973",2602506,"PE"
"1974",3520103,"SP"
"1975",1100130,"RO"
"1976",4203956,"SC"
"1977",2411403,"RN"
"1978",1715754,"TO"
"1979",3516309,"SP"
"1980",5003306,"MS"
"1981",2201200,"PI"
"1982",2209708,"PI"
"1983",4123808,"PR"
"1984",2401800,"RN"
"1985",2311108,"CE"
"1986",3133501,"MG"
"1987",2610905,"PE"
"1988",2601805,"PE"
"1989",3513504,"SP"
"1990",5002407,"MS"
"1991",5002803,"MS"
"1992",4321105,"RS"
"1993",2500601,"PB"
"1994",2807204,"SE"
"1995",3205101,"ES"
"1996",5219902,"GO"
"1997",4304689,"RS"
"1998",4204707,"SC"
"1999",3544251,"SP"
"2000",5005681,"MS"
"2001",4100905,"PR"
"2002",2402303,"RN"
"2003",4121505,"PR"
"2004",2207207,"PI"
"2005",2603108,"PE"
"2006",3300258,"RJ"
"2007",2106755,"MA"
"2008",5221601,"GO"
"2009",4312708,"RS"
"2010",4310900,"RS"
"2011",3144201,"MG"
"2012",3556404,"SP"
"2013",3527207,"SP"
"2014",2107605,"MA"
"2015",2310506,"CE"
"2016",2406809,"RN"
"2017",4216800,"SC"
"2018",3155504,"MG"
"2019",4217253,"SC"
"2020",4101606,"PR"
"2021",1501725,"PA"
"2022",4315701,"RS"
"2023",1507508,"PA"
"2024",2615805,"PE"
"2025",3103504,"MG"
"2026",3539103,"SP"
"2027",4106308,"PR"
"2028",3531209,"SP"
"2029",3515509,"SP"
"2030",2800209,"SE"
"2031",3508603,"SP"
"2032",5003256,"MS"
"2033",5005004,"MS"
"2034",2305001,"CE"
"2035",1100148,"RO"
"2036",4117602,"PR"
"2037",2304608,"CE"
"2038",4214706,"SC"
"2039",2805802,"SE"
"2040",4200606,"SC"
"2041",2209757,"PI"
"2042",3146206,"MG"
"2043",2500304,"PB"
"2044",2104503,"MA"
"2045",2603454,"PE"
"2046",5106851,"MT"
"2047",3144300,"MG"
"2048",2604700,"PE"
"2049",3150158,"MG"
"2050",3204708,"ES"
"2051",5007505,"MS"
"2052",4127205,"PR"
"2053",4127502,"PR"
"2054",1702000,"TO"
"2055",4119152,"PR"
"2056",3515186,"SP"
"2057",4108650,"PR"
"2058",3162104,"MG"
"2059",1504307,"PA"
"2060",2112100,"MA"
"2061",2509909,"PB"
"2062",1504000,"PA"
"2063",4124400,"PR"
"2064",5214861,"GO"
"2065",3202256,"ES"
"2066",3203130,"ES"
"2067",3510401,"SP"
"2068",3515103,"SP"
"2069",2103554,"MA"
"2070",2110500,"MA"
"2071",2103752,"MA"
"2072",2106300,"MA"
"2073",3533502,"SP"
"2074",1508126,"PA"
"2075",5200803,"GO"
"2076",2611903,"PE"
"2077",1500503,"PA"
"2078",2101939,"MA"
"2079",4314076,"RS"
"2080",5001003,"MS"
"2081",4322533,"RS"
"2082",3304300,"RJ"
"2083",4313391,"RS"
"2084",2509396,"PB"
"2085",4115002,"PR"
"2086",3114006,"MG"
"2087",5103254,"MT"
"2088",4103057,"PR"
"2089",2411502,"RN"
"2090",2301604,"CE"
"2091",2106102,"MA"
"2092",3140605,"MG"
"2093",2311603,"CE"
"2094",3125606,"MG"
"2095",4105904,"PR"
"2096",5005400,"MS"
"2097",3117306,"MG"
"2098",2205151,"PI"
"2099",2200277,"PI"
"2100",1507607,"PA"
"2101",2105609,"MA"
"2102",4310603,"RS"
"2103",5105101,"MT"
"2104",3134905,"MG"
"2105",5006200,"MS"
"2106",2403103,"RN"
"2107",3152204,"MG"
"2108",1503309,"PA"
"2109",4300034,"RS"
"2110",3115102,"MG"
"2111",3131505,"MG"
"2112",4314605,"RS"
"2113",2611804,"PE"
"2114",2602001,"PE"
"2115",4313904,"RS"
"2116",4102208,"PR"
"2117",5003504,"MS"
"2118",4128401,"PR"
"2119",4119954,"PR"
"2120",4215307,"SC"
"2121",4204400,"SC"
"2122",2309300,"CE"
"2123",2407708,"RN"
"2124",2305209,"CE"
"2125",4123907,"PR"
"2126",2105153,"MA"
"2127",2503209,"PB"
"2128",2516904,"PB"
"2129",2110708,"MA"
"2130",2514206,"PB"
"2131",1503002,"PA"
"2132",2210052,"PI"
"2133",3533403,"SP"
"2134",1503903,"PA"
"2135",2401701,"RN"
"2136",2104404,"MA"
"2137",2608909,"PE"
"2138",2306207,"CE"
"2139",2509008,"PB"
"2140",1506708,"PA"
"2141",2208502,"PI"
"2142",4102752,"PR"
"2143",2104057,"MA"
"2144",3550407,"SP"
"2145",4112504,"PR"
"2146",4321808,"RS"
"2147",4103479,"PR"
"2148",2106904,"MA"
"2149",3115706,"MG"
"2150",4302501,"RS"
"2151",2516003,"PB"
"2152",3305554,"RJ"
"2153",4114609,"PR"
"2154",1505551,"PA"
"2155",3117900,"MG"
"2156",2313708,"CE"
"2157",3117405,"MG"
"2158",2414407,"RN"
"2159",1502939,"PA"
"2160",3511003,"SP"
"2161",2307502,"CE"
"2162",3300159,"RJ"
"2163",1100288,"RO"
"2164",4305801,"RS"
"2165",4117255,"PR"
"2166",1508407,"PA"
"2167",3109808,"MG"
"2168",3113305,"MG"
"2169",3148707,"MG"
"2170",3100203,"MG"
"2171",3106507,"MG"
"2172",4119608,"PR"
"2173",3107901,"MG"
"2174",3501152,"SP"
"2175",5100409,"MT"
"2176",4109757,"PR"
"2177",2608008,"PE"
"2178",2107357,"MA"
"2179",3119203,"MG"
"2180",3122207,"MG"
"2181",3202405,"ES"
"2182",2805406,"SE"
"2183",5210307,"GO"
"2184",3520301,"SP"
"2185",2207959,"PI"
"2186",4213401,"SC"
"2187",2614303,"PE"
"2188",3514106,"SP"
"2189",2606606,"PE"
"2190",2103505,"MA"
"2191",3120904,"MG"
"2192",3169703,"MG"
"2193",3505302,"SP"
"2194",2801306,"SE"
"2195",2101905,"MA"
"2196",4108700,"PR"
"2197",2307007,"CE"
"2198",2308104,"CE"
"2199",2203420,"PI"
"2200",2506608,"PB"
"2201",3508702,"SP"
"2202",2312304,"CE"
"2203",4213609,"SC"
"2204",4207601,"SC"
"2205",3511508,"SP"
"2206",2100303,"MA"
"2207",4125100,"PR"
"2208",4106555,"PR"
"2209",3123205,"MG"
"2210",3500501,"SP"
"2211",3304110,"RJ"
"2212",4317608,"RS"
"2213",2413409,"RN"
"2214",3508108,"SP"
"2215",3108602,"MG"
"2216",2608255,"PE"
"2217",2804300,"SE"
"2218",4204301,"SC"
"2219",3542701,"SP"
"2220",3520400,"SP"
"2221",1506112,"PA"
"2222",1505700,"PA"
"2223",2108058,"MA"
"2224",4104402,"PR"
"2225",2311306,"CE"
"2226",2113009,"MA"
"2227",2201051,"PI"
"2228",3108800,"MG"
"2229",3159357,"MG"
"2230",3540101,"SP"
"2231",5203906,"GO"
"2232",4320107,"RS"
"2233",2504702,"PB"
"2234",2310001,"CE"
"2235",4124301,"PR"
"2236",5213103,"GO"
"2237",5204706,"GO"
"2238",3167400,"MG"
"2239",4216305,"SC"
"2240",4322707,"RS"
"2241",4303806,"RS"
"2242",4322905,"RS"
"2243",4308904,"RS"
"2244",3546405,"SP"
"2245",4206405,"SC"
"2246",5106257,"MT"
"2247",1502772,"PA"
"2248",4103305,"PR"
"2249",5000203,"MS"
"2250",3505203,"SP"
"2251",4108908,"PR"
"2252",2614857,"PE"
"2253",2310704,"CE"
"2254",3169406,"MG"
"2255",2304269,"CE"
"2256",1508035,"PA"
"2257",1707108,"TO"
"2258",3161809,"MG"
"2259",4125803,"PR"
"2260",3104106,"MG"
"2261",3138609,"MG"
"2262",5004007,"MS"
"2263",3200300,"ES"
"2264",1100114,"RO"
"2265",2207801,"PI"
"2266",3110509,"MG"
"2267",3169109,"MG"
"2268",2105708,"MA"
"2269",2301851,"CE"
"2270",3509908,"SP"
"2271",2109502,"MA"
"2272",2311355,"CE"
"2273",3119500,"MG"
"2274",2204659,"PI"
"2275",2403756,"RN"
"2276",3145901,"MG"
"2277",4202305,"SC"
"2278",5004106,"MS"
"2279",4123402,"PR"
"2280",4101309,"PR"
"2281",4319109,"RS"
"2282",4120358,"PR"
"2283",1400233,"RR"
"2284",5220207,"GO"
"2285",5107040,"MT"
"2286",3171600,"MG"
"2287",2503001,"PB"
"2288",3550100,"SP"
"2289",3506904,"SP"
"2290",5220108,"GO"
"2291",5215207,"GO"
"2292",3536307,"SP"
"2293",5205703,"GO"
"2294",3134400,"MG"
"2295",5106828,"MT"
"2296",4101705,"PR"
"2297",2206050,"PI"
"2298",3532868,"SP"
"2299",4102307,"PR"
"2300",1703701,"TO"
"2301",2104552,"MA"
"2302",3142908,"MG"
"2303",3152402,"MG"
"2304",5105002,"MT"
"2305",1720200,"TO"
"2306",3158201,"MG"
"2307",2311009,"CE"
"2308",2304657,"CE"
"2309",3147956,"MG"
"2310",1716307,"TO"
"2311",3203700,"ES"
"2312",4311981,"RS"
"2313",2503803,"PB"
"2314",2206704,"PI"
"2315",3108008,"MG"
"2316",2503308,"PB"
"2317",2514503,"PB"
"2318",1100064,"RO"
"2319",3305752,"RJ"
"2320",3302601,"RJ"
"2321",1501204,"PA"
"2322",4306767,"RS"
"2323",3541208,"SP"
"2324",1101435,"RO"
"2325",3105103,"MG"
"2326",2505204,"PB"
"2327",2804508,"SE"
"2328",4305355,"RS"
"2329",3518206,"SP"
"2330",4307104,"RS"
"2331",3201902,"ES"
"2332",4214508,"SC"
"2333",3304409,"RJ"
"2334",3133402,"MG"
"2335",4203907,"SC"
"2336",2608107,"PE"
"2337",2406007,"RN"
"2338",3114303,"MG"
"2339",3101201,"MG"
"2340",3133006,"MG"
"2341",5103056,"MT"
"2342",2607752,"PE"
"2343",3120508,"MG"
"2344",3126109,"MG"
"2345",2102150,"MA"
"2346",1507904,"PA"
"2347",3161205,"MG"
"2348",3301504,"RJ"
"2349",2615904,"PE"
"2350",4213302,"SC"
"2351",4215752,"SC"
"2352",4116059,"PR"
"2353",2108702,"MA"
"2354",4312252,"RS"
"2355",4320354,"RS"
"2356",5212303,"GO"
"2357",3102100,"MG"
"2358",3145059,"MG"
"2359",2303931,"CE"
"2360",3109303,"MG"
"2361",2400208,"RN"
"2362",2106375,"MA"
"2363",4320503,"RS"
"2364",4122206,"PR"
"2365",4219002,"SC"
"2366",3522703,"SP"
"2367",2110609,"MA"
"2368",4317004,"RS"
"2369",3506607,"SP"
"2370",5106422,"MT"
"2371",2207355,"PI"
"2372",4113205,"PR"
"2373",2606903,"PE"
"2374",1400472,"RR"
"2375",3151909,"MG"
"2376",2102200,"MA"
"2377",2302701,"CE"
"2378",4310330,"RS"
"2379",3136652,"MG"
"2380",2600500,"PE"
"2381",3507803,"SP"
"2382",3301108,"RJ"
"2383",2506707,"PB"
"2384",2408904,"RN"
"2385",4119301,"PR"
"2386",3301207,"RJ"
"2387",4301008,"RS"
"2388",3525706,"SP"
"2389",3522802,"SP"
"2390",2411007,"RN"
"2391",2612000,"PE"
"2392",2111706,"MA"
"2393",5205513,"GO"
"2394",2100105,"MA"
"2395",2101251,"MA"
"2396",3115474,"MG"
"2397",3101003,"MG"
"2398",4311155,"RS"
"2399",4317806,"RS"
"2400",3139607,"MG"
"2401",3133105,"MG"
"2402",2613404,"PE"
"2403",2501302,"PB"
"2404",2101301,"MA"
"2405",3141603,"MG"
"2406",1101492,"RO"
"2407",2302008,"CE"
"2408",3111101,"MG"
"2409",4105607,"PR"
"2410",3556602,"SP"
"2411",2102754,"MA"
"2412",3202454,"ES"
"2413",3204609,"ES"
"2414",3146404,"MG"
"2415",2101772,"MA"
"2416",3521705,"SP"
"2417",3528809,"SP"
"2418",2405405,"RN"
"2419",2107803,"MA"
"2420",3149903,"MG"
"2421",4322103,"RS"
"2422",4108809,"PR"
"2423",3520426,"SP"
"2424",5211206,"GO"
"2425",5210208,"GO"
"2426",3551504,"SP"
"2427",2102002,"MA"
"2428",3521002,"SP"
"2429",2211100,"PI"
"2430",4117909,"PR"
"2431",5103007,"MT"
"2432",4117701,"PR"
"2433",4118907,"PR"
"2434",3130903,"MG"
"2435",4314209,"RS"
"2436",4123824,"PR"
"2437",4202081,"SC"
"2438",2607000,"PE"
"2439",2312007,"CE"
"2440",2500502,"PB"
"2441",3532827,"SP"
"2442",4204905,"SC"
"2443",3304128,"RJ"
"2444",4101101,"PR"
"2445",3531803,"SP"
"2446",4203105,"SC"
"2447",4104659,"PR"
"2448",3535309,"SP"
"2449",5212907,"GO"
"2450",4321634,"RS"
"2451",4111209,"PR"
"2452",2601003,"PE"
"2453",4316402,"RS"
"2454",2206902,"PI"
"2455",5003157,"MS"
"2456",2308203,"CE"
"2457",2509800,"PB"
"2458",4112751,"PR"
"2459",4128005,"PR"
"2460",3152709,"MG"
"2461",2107001,"MA"
"2462",4312203,"RS"
"2463",5205307,"GO"
"2464",3119104,"MG"
"2465",5208806,"GO"
"2466",3500808,"SP"
"2467",4301305,"RS"
"2468",1501600,"PA"
"2469",2604205,"PE"
"2470",4100103,"PR"
"2471",2102903,"MA"
"2472",2110203,"MA"
"2473",5211602,"GO"
"2474",3117009,"MG"
"2475",3157203,"MG"
"2476",4122909,"PR"
"2477",2103174,"MA"
"2478",3140902,"MG"
"2479",3506201,"SP"
"2480",2102507,"MA"
"2481",4321352,"RS"
"2482",2110807,"MA"
"2483",4121406,"PR"
"2484",4112959,"PR"
"2485",2500403,"PB"
"2486",4118006,"PR"
"2487",4321303,"RS"
"2488",2600708,"PE"
"2489",4308409,"RS"
"2490",3542404,"SP"
"2491",4322202,"RS"
"2492",1501501,"PA"
"2493",2101004,"MA"
"2494",4320909,"RS"
"2495",3141108,"MG"
"2496",1505494,"PA"
"2497",2608503,"PE"
"2498",2609501,"PE"
"2499",2209153,"PI"
"2500",3203163,"ES"
"2501",2511301,"PB"
"2502",3542503,"SP"
"2503",2401206,"RN"
"2504",4319703,"RS"
"2505",3110301,"MG"
"2506",2407807,"RN"
"2507",2803609,"SE"
"2508",3535507,"SP"
"2509",1714203,"TO"
"2510",2313559,"CE"
"2511",3204807,"ES"
"2512",2514909,"PB"
"2513",3111606,"MG"
"2514",4213203,"SC"
"2515",3147006,"MG"
"2516",5202155,"GO"
"2517",4217501,"SC"
"2518",4218004,"SC"
"2519",3543006,"SP"
"2520",3301801,"RJ"
"2521",3302809,"RJ"
"2522",3301603,"RJ"
"2523",3150539,"MG"
"2524",2208650,"PI"
"2525",3521903,"SP"
"2526",2412609,"RN"
"2527",3147402,"MG"
"2528",3304607,"RJ"
"2529",3120102,"MG"
"2530",2309102,"CE"
"2531",3556453,"SP"
"2532",4312476,"RS"
"2533",5210604,"GO"
"2534",3304706,"RJ"
"2535",2608602,"PE"
"2536",4207650,"SC"
"2537",2312601,"CE"
"2538",3531902,"SP"
"2539",2400505,"RN"
"2540",1502855,"PA"
"2541",2404903,"RN"
"2542",2615508,"PE"
"2543",4300307,"RS"
"2544",2605301,"PE"
"2545",2407500,"RN"
"2546",4315305,"RS"
"2547",4103107,"PR"
"2548",4122602,"PR"
"2549",3303856,"RJ"
"2550",3136108,"MG"
"2551",3527306,"SP"
"2552",3162708,"MG"
"2553",3300803,"RJ"
"2554",3553401,"SP"
"2555",5200308,"GO"
"2556",5209705,"GO"
"2557",5207600,"GO"
"2558",3512803,"SP"
"2559",2605400,"PE"
"2560",4113502,"PR"
"2561",5107008,"MT"
"2562",1507961,"PA"
"2563",2307700,"CE"
"2564",1506187,"PA"
"2565",2210805,"PI"
"2566",3519600,"SP"
"2567",4312450,"RS"
"2568",3538600,"SP"
"2569",5005608,"MS"
"2570",2302909,"CE"
"2571",4205506,"SC"
"2572",4122008,"PR"
"2573",3537800,"SP"
"2574",1701903,"TO"
"2575",3127800,"MG"
"2576",2104305,"MA"
"2577",3540408,"SP"
"2578",4206603,"SC"
"2579",4204194,"SC"
"2580",2208700,"PI"
"2581",4103909,"PR"
"2582",2509305,"PB"
"2583",2207504,"PI"
"2584",3108909,"MG"
"2585",3130309,"MG"
"2586",2606705,"PE"
"2587",4211207,"SC"
"2588",2109304,"MA"
"2589",4314175,"RS"
"2590",2615409,"PE"
"2591",3101102,"MG"
"2592",3145208,"MG"
"2593",3122454,"MG"
"2594",4128559,"PR"
"2595",4102406,"PR"
"2596",3200409,"ES"
"2597",3144508,"MG"
"2598",3203007,"ES"
"2599",1714880,"TO"
"2600",2308005,"CE"
"2601",4309126,"RS"
"2602",3535200,"SP"
"2603",2607802,"PE"
"2604",2612802,"PE"
"2605",4319158,"RS"
"2606",2208304,"PI"
"2607",4305009,"RS"
"2608",3152600,"MG"
"2609",4300901,"RS"
"2610",3552007,"SP"
"2611",2610806,"PE"
"2612",3152006,"MG"
"2613",3545704,"SP"
"2614",2804706,"SE"
"2615",4209854,"SC"
"2616",2401107,"RN"
"2617",3543204,"SP"
"2618",3517406,"SP"
"2619",3533007,"SP"
"2620",5104104,"MT"
"2621",3525003,"SP"
"2622",3132701,"MG"
"2623",3204955,"ES"
"2624",3127339,"MG"
"2625",2209807,"PI"
"2626",2203271,"PI"
"2627",4310850,"RS"
"2628",4301636,"RS"
"2629",1507474,"PA"
"2630",4307302,"RS"
"2631",5214002,"GO"
"2632",2506004,"PB"
"2633",3509304,"SP"
"2634",2310407,"CE"
"2635",4315909,"RS"
"2636",1504455,"PA"
"2637",4311239,"RS"
"2638",4103040,"PR"
"2639",4119103,"PR"
"2640",5004502,"MS"
"2641",3146305,"MG"
"2642",3514700,"SP"
"2643",4104709,"PR"
"2644",4210506,"SC"
"2645",4210001,"SC"
"2646",4128534,"PR"
"2647",3152808,"MG"
"2648",2507309,"PB"
"2649",3123601,"MG"
"2650",4117305,"PR"
"2651",2609154,"PE"
"2652",4114104,"PR"
"2653",2600203,"PE"
"2654",2306900,"CE"
"2655",2612901,"PE"
"2656",2404507,"RN"
"2657",2406106,"RN"
"2658",2310902,"CE"
"2659",2204709,"PI"
"2660",4322301,"RS"
"2661",3102308,"MG"
"2662",1100031,"RO"
"2663",4317905,"RS"
"2664",1505403,"PA"
"2665",2411205,"RN"
"2666",5214838,"GO"
"2667",2105104,"MA"
"2668",4305132,"RS"
"2669",2104073,"MA"
"2670",4212908,"SC"
"2671",4200903,"SC"
"2672",4305702,"RS"
"2673",3513108,"SP"
"2674",2108108,"MA"
"2675",2608453,"PE"
"2676",2407609,"RN"
"2677",2102705,"MA"
"2678",4117057,"PR"
"2679",3557303,"SP"
"2680",4105300,"PR"
"2681",3128006,"MG"
"2682",3116506,"MG"
"2683",3158953,"MG"
"2684",3147600,"MG"
"2685",3550209,"SP"
"2686",3139250,"MG"
"2687",4121000,"PR"
"2688",1501808,"PA"
"2689",1400308,"RR"
"2690",3545605,"SP"
"2691",3134608,"MG"
"2692",2508000,"PB"
"2693",2100600,"MA"
"2694",3504206,"SP"
"2695",4119251,"PR"
"2696",4214607,"SC"
"2697",1502608,"PA"
"2698",3543808,"SP"
"2699",4321956,"RS"
"2700",4100608,"PR"
"2701",3114204,"MG"
"2702",4313300,"RS"
"2703",2414704,"RN"
"2704",4120101,"PR"
"2705",1707306,"TO"
"2706",2405009,"RN"
"2707",4306908,"RS"
"2708",1500701,"PA"
"2709",3503802,"SP"
"2710",3544103,"SP"
"2711",2203503,"PI"
"2712",2800704,"SE"
"2713",4104253,"PR"
"2714",2206670,"PI"
"2715",4302204,"RS"
"2716",4315008,"RS"
"2717",2300150,"CE"
"2718",3157104,"MG"
"2719",3124906,"MG"
"2720",5007554,"MS"
"2721",3508009,"SP"
"2722",3303104,"RJ"
"2723",2504900,"PB"
"2724",3104205,"MG"
"2725",3165008,"MG"
"2726",4320230,"RS"
"2727",3305133,"RJ"
"2728",4123006,"PR"
"2729",3525508,"SP"
"2730",2506400,"PB"
"2731",3203502,"ES"
"2732",2303303,"CE"
"2733",4306130,"RS"
"2734",2105427,"MA"
"2735",3104601,"MG"
"2736",3146701,"MG"
"2737",4126306,"PR"
"2738",2405306,"RN"
"2739",3529708,"SP"
"2740",1704105,"TO"
"2741",3124203,"MG"
"2742",2203404,"PI"
"2743",2206696,"PI"
"2744",2103802,"MA"
"2745",2110906,"MA"
"2746",4107900,"PR"
"2747",3548005,"SP"
"2748",1503457,"PA"
"2749",4114500,"PR"
"2750",5105622,"MT"
"2751",5004304,"MS"
"2752",2109270,"MA"
"2753",2513109,"PB"
"2754",2109239,"MA"
"2755",4202057,"SC"
"2756",3120839,"MG"
"2757",2312205,"CE"
"2758",5209952,"GO"
"2759",4314498,"RS"
"2760",2805000,"SE"
"2761",4125456,"PR"
"2762",1720804,"TO"
"2763",5003751,"MS"
"2764",5104203,"MT"
"2765",3542107,"SP"
"2766",1101708,"RO"
"2767",2603900,"PE"
"2768",3165552,"MG"
"2769",1713304,"TO"
"2770",1504406,"PA"
"2771",3105905,"MG"
"2772",5108956,"MT"
"2773",3105400,"MG"
"2774",4123709,"PR"
"2775",2102556,"MA"
"2776",3526001,"SP"
"2777",3553609,"SP"
"2778",4301701,"RS"
"2779",4301925,"RS"
"2780",2201705,"PI"
"2781",1506559,"PA"
"2782",3162922,"MG"
"2783",5106000,"MT"
"2784",2800670,"SE"
"2785",2610301,"PE"
"2786",2307205,"CE"
"2787",2209005,"PI"
"2788",5204102,"GO"
"2789",4201604,"SC"
"2790",4109500,"PR"
"2791",2509602,"PB"
"2792",4301404,"RS"
"2793",2105476,"MA"
"2794",2210359,"PI"
"2795",3553906,"SP"
"2796",4309001,"RS"
"2797",2601409,"PE"
"2798",4108320,"PR"
"2799",2504405,"PB"
"2800",1400159,"RR"
"2801",2210003,"PI"
"2802",2615706,"PE"
"2803",3552700,"SP"
"2804",2414159,"RN"
"2805",1505650,"PA"
"2806",3135803,"MG"
"2807",3501301,"SP"
"2808",2108801,"MA"
"2809",3527405,"SP"
"2810",4113908,"PR"
"2811",3170800,"MG"
"2812",4307500,"RS"
"2813",5108006,"MT"
"2814",4320552,"RS"
"2815",3306156,"RJ"
"2816",5006903,"MS"
"2817",5203559,"GO"
"2818",3532405,"SP"
"2819",5219258,"GO"
"2820",2104206,"MA"
"2821",4200705,"SC"
"2822",4213807,"SC"
"2823",3141801,"MG"
"2824",2111672,"MA"
"2825",5205208,"GO"
"2826",5105507,"MT"
"2827",5221452,"GO"
"2828",3165537,"MG"
"2829",2502003,"PB"
"2830",2106326,"MA"
"2831",4312104,"RS"
"2832",5213087,"GO"
"2833",3302304,"RJ"
"2834",3154200,"MG"
"2835",2304509,"CE"
"2836",2207306,"PI"
"2837",3109501,"MG"
"2838",4109708,"PR"
"2839",1502954,"PA"
"2840",3167608,"MG"
"2841",2616209,"PE"
"2842",4100806,"PR"
"2843",4112405,"PR"
"2844",2202026,"PI"
"2845",3122108,"MG"
"2846",4316600,"RS"
"2847",2301950,"CE"
"2848",5003454,"MS"
"2849",3528403,"SP"
"2850",2512507,"PB"
"2851",3514601,"SP"
"2852",2302107,"CE"
"2853",3529906,"SP"
"2854",3510005,"SP"
"2855",4212502,"SC"
"2856",5106109,"MT"
"2857",3120805,"MG"
"2858",2604502,"PE"
"2859",5101258,"MT"
"2860",4207684,"SC"
"2861",4218400,"SC"
"2862",4210902,"SC"
"2863",3127107,"MG"
"2864",5210109,"GO"
"2865",2401008,"RN"
"2866",5007208,"MS"
"2867",5103304,"MT"
"2868",2613008,"PE"
"2869",2402501,"RN"
"2870",4314001,"RS"
"2871",3118205,"MG"
"2872",5103437,"MT"
"2873",4310306,"RS"
"2874",4312658,"RS"
"2875",3144003,"MG"
"2876",2413607,"RN"
"2877",3127404,"MG"
"2878",1716703,"TO"
"2879",2100204,"MA"
"2880",2412203,"RN"
"2881",4308102,"RS"
"2882",4318440,"RS"
"2883",4312807,"RS"
"2884",4302352,"RS"
"2885",1504950,"PA"
"2886",4127908,"PR"
"2887",4118808,"PR"
"2888",3303955,"RJ"
"2889",3163003,"MG"
"2890",2607703,"PE"
"2891",4111902,"PR"
"2892",4306379,"RS"
"2893",2304277,"CE"
"2894",3128303,"MG"
"2895",5104807,"MT"
"2896",3305406,"RJ"
"2897",4302303,"RS"
"2898",5217104,"GO"
"2899",2510105,"PB"
"2900",5219753,"GO"
"2901",4210803,"SC"
"2902",3303807,"RJ"
"2903",5219704,"GO"
"2904",2300754,"CE"
"2905",3148608,"MG"
"2906",2611533,"PE"
"2907",4106506,"PR"
"2908",2614105,"PE"
"2909",1101401,"RO"
"2910",2611705,"PE"
"2911",3115904,"MG"
"2912",5106281,"MT"
"2913",3168903,"MG"
"2914",3547502,"SP"
"2915",3500303,"SP"
"2916",2803203,"SE"
"2917",3127305,"MG"
"2918",2804409,"SE"
"2919",2311264,"CE"
"2920",3500907,"SP"
"2921",4315156,"RS"
"2922",2100956,"MA"
"2923",2108256,"MA"
"2924",4311502,"RS"
"2925",2200608,"PI"
"2926",2204402,"PI"
"2927",1702307,"TO"
"2928",1722081,"TO"
"2929",2311231,"CE"
"2930",1504059,"PA"
"2931",2303956,"CE"
"2932",2801504,"SE"
"2933",3546702,"SP"
"2934",3536703,"SP"
"2935",2210201,"PI"
"2936",2612455,"PE"
"2937",4301073,"RS"
"2938",5007901,"MS"
"2939",3118403,"MG"
"2940",3114600,"MG"
"2941",4310751,"RS"
"2942",3118700,"MG"
"2943",4314472,"RS"
"2944",1501105,"PA"
"2945",3158904,"MG"
"2946",5215702,"GO"
"2947",3517703,"SP"
"2948",2410405,"RN"
"2949",3159209,"MG"
"2950",3117801,"MG"
"2951",3153905,"MG"
"2952",2516409,"PB"
"2953",1502764,"PA"
"2954",3156908,"MG"
"2955",4302402,"RS"
"2956",2203602,"PI"
"2957",3150901,"MG"
"2958",4316451,"RS"
"2959",4218301,"SC"
"2960",2511400,"PB"
"2961",2505105,"PB"
"2962",3106903,"MG"
"2963",3136504,"MG"
"2964",4209607,"SC"
"2965",4115358,"PR"
"2966",2307809,"CE"
"2967",1706100,"TO"
"2968",2408508,"RN"
"2969",5217203,"GO"
"2970",4109807,"PR"
"2971",3114808,"MG"
"2972",4309902,"RS"
"2973",2307908,"CE"
"2974",2616183,"PE"
"2975",3120870,"MG"
"2976",4306502,"RS"
"2977",3134004,"MG"
"2978",2603702,"PE"
"2979",3503356,"SP"
"2980",4202073,"SC"
"2981",5107701,"MT"
"2982",2605152,"PE"
"2983",1720309,"TO"
"2984",1718550,"TO"
"2985",4320677,"RS"
"2986",4304309,"RS"
"2987",3114501,"MG"
"2988",5007695,"MS"
"2989",4305447,"RS"
"2990",3159902,"MG"
"2991",2800506,"SE"
"2992",4102901,"PR"
"2993",2205458,"PI"
"2994",5106802,"MT"
"2995",4121208,"PR"
"2996",4213708,"SC"
"2997",3552601,"SP"
"2998",1100403,"RO"
"2999",4211306,"SC"
"3000",2202778,"PI"
"3001",4313805,"RS"
"3002",3509254,"SP"
"3003",2106607,"MA"
"3004",2614204,"PE"
"3005",1503408,"PA"
"3006",4304903,"RS"
"3007",3140506,"MG"
"3008",5204805,"GO"
"3009",3523602,"SP"
"3010",2404200,"RN"
"3011",5207808,"GO"
"3012",3141702,"MG"
"3013",2111789,"MA"
"3014",2105500,"MA"
"3015",3117702,"MG"
"3016",3129103,"MG"
"3017",5214101,"GO"
"3018",2202091,"PI"
"3019",3511607,"SP"
"3020",5107206,"MT"
"3021",4122701,"PR"
"3022",2304236,"CE"
"3023",2109759,"MA"
"3024",5206602,"GO"
"3025",1507151,"PA"
"3026",3168051,"MG"
"3027",4300208,"RS"
"3028",2413003,"RN"
"3029",4118451,"PR"
"3030",3107307,"MG"
"3031",5205000,"GO"
"3032",3302056,"RJ"
"3033",4311908,"RS"
"3034",2201101,"PI"
"3035",3103009,"MG"
"3036",3156601,"MG"
"3037",2309003,"CE"
"3038",3122603,"MG"
"3039",2513802,"PB"
"3040",4311205,"RS"
"3041",2211407,"PI"
"3042",2801108,"SE"
"3043",3525102,"SP"
"3044",2105989,"MA"
"3045",5107875,"MT"
"3046",5105606,"MT"
"3047",3142809,"MG"
"3048",2605608,"PE"
"3049",2616001,"PE"
"3050",3512209,"SP"
"3051",4110078,"PR"
"3052",2611309,"PE"
"3053",5007976,"MS"
"3054",2601052,"PE"
"3055",2202083,"PI"
"3056",3111903,"MG"
"3057",2311207,"CE"
"3058",3169000,"MG"
"3059",2412005,"RN"
"3060",4301651,"RS"
"3061",5201801,"GO"
"3062",3525805,"SP"
"3063",5006408,"MS"
"3064",1500131,"PA"
"3065",3102704,"MG"
"3066",4110953,"PR"
"3067",4213104,"SC"
"3068",3140530,"MG"
"3069",3521408,"SP"
"3070",3125408,"MG"
"3071",2109205,"MA"
"3072",2105807,"MA"
"3073",3104700,"MG"
"3074",5220454,"GO"
"3075",2109007,"MA"
"3076",3305703,"RJ"
"3077",3166808,"MG"
"3078",3300225,"RJ"
"3079",3303005,"RJ"
"3080",4111001,"PR"
"3081",3110707,"MG"
"3082",1502806,"PA"
"3083",3121803,"MG"
"3084",2304004,"CE"
"3085",3143005,"MG"
"3086",3544905,"SP"
"3087",3143203,"MG"
"3088",2209401,"PI"
"3089",1505486,"PA"
"3090",4123501,"PR"
"3091",2104628,"MA"
"3092",2805604,"SE"
"3093",3531407,"SP"
"3094",3526100,"SP"
"3095",2303907,"CE"
"3096",5000906,"MS"
"3097",3137304,"MG"
"3098",2414803,"RN"
"3099",3109709,"MG"
"3100",2502904,"PB"
"3101",3517604,"SP"
"3102",3155702,"MG"
"3103",2202117,"PI"
"3104",4103800,"PR"
"3105",1501956,"PA"
"3106",2505402,"PB"
"3107",4201653,"SC"
"3108",3151602,"MG"
"3109",4320602,"RS"
"3110",2404606,"RN"
"3111",3202652,"ES"
"3112",2607109,"PE"
"3113",3204658,"ES"
"3114",2207751,"PI"
"3115",2209856,"PI"
"3116",2507101,"PB"
"3117",2312700,"CE"
"3118",2803807,"SE"
"3119",3542008,"SP"
"3120",3202603,"ES"
"3121",2204501,"PI"
"3122",2202752,"PI"
"3123",5000609,"MS"
"3124",3124807,"MG"
"3125",2204600,"PI"
"3126",2204907,"PI"
"3127",2103257,"MA"
"3128",3100302,"MG"
"3129",4124707,"PR"
"3130",2511103,"PB"
"3131",2101731,"MA"
"3132",3554300,"SP"
"3133",3553302,"SP"
"3134",3512308,"SP"
"3135",4114807,"PR"
"3136",2511509,"PB"
"3137",2109452,"MA"
"3138",3554706,"SP"
"3139",4101903,"PR"
"3140",2313252,"CE"
"3141",2209658,"PI"
"3142",4311106,"RS"
"3143",2612604,"PE"
"3144",2111904,"MA"
"3145",4201307,"SC"
"3146",4107157,"PR"
"3147",4218756,"SC"
"3148",4212809,"SC"
"3149",4213500,"SC"
"3150",4108957,"PR"
"3151",2407906,"RN"
"3152",3532504,"SP"
"3153",3547700,"SP"
"3154",1500859,"PA"
"3155",5203939,"GO"
"3156",3135704,"MG"
"3157",4113734,"PR"
"3158",3502903,"SP"
"3159",3157906,"MG"
"3160",3513603,"SP"
"3161",4109906,"PR"
"3162",4316501,"RS"
"3163",3557154,"SP"
"3164",2500908,"PB"
"3165",2301406,"CE"
"3166",2301802,"CE"
"3167",4214904,"SC"
"3168",2804458,"SE"
"3169",3158300,"MG"
"3170",3154705,"MG"
"3171",5205802,"GO"
"3172",3170008,"MG"
"3173",4310538,"RS"
"3174",5203609,"GO"
"3175",2206654,"PI"
"3176",3535606,"SP"
"3177",1503804,"PA"
"3178",5211305,"GO"
"3179",3105509,"MG"
"3180",3123304,"MG"
"3181",3108404,"MG"
"3182",3555802,"SP"
"3183",3507100,"SP"
"3184",4126207,"PR"
"3185",2409902,"RN"
"3186",4110201,"PR"
"3187",3520905,"SP"
"3188",2201150,"PI"
"3189",4302584,"RS"
"3190",2414506,"RN"
"3191",2308609,"CE"
"3192",3163904,"MG"
"3193",3129608,"MG"
"3194",2507606,"PB"
"3195",4119806,"PR"
"3196",1502509,"PA"
"3197",4316709,"RS"
"3198",4204103,"SC"
"3199",1508050,"PA"
"3200",2106672,"MA"
"3201",4217006,"SC"
"3202",3532108,"SP"
"3203",4117214,"PR"
"3204",3129657,"MG"
"3205",3166006,"MG"
"3206",4202107,"SC"
"3207",5101308,"MT"
"3208",2414100,"RN"
"3209",2303105,"CE"
"3210",3142007,"MG"
"3211",4117800,"PR"
"3212",2108900,"MA"
"3213",3203353,"ES"
"3214",1502152,"PA"
"3215",3140555,"MG"
"3216",2500205,"PB"
"3217",4315800,"RS"
"3218",2403004,"RN"
"3219",1100072,"RO"
"3220",2608057,"PE"
"3221",3160504,"MG"
"3222",3112505,"MG"
"3223",3508207,"SP"
"3224",3164407,"MG"
"3225",3101904,"MG"
"3226",4103008,"PR"
"3227",3123403,"MG"
"3228",3121209,"MG"
"3229",4102604,"PR"
"3230",2409209,"RN"
"3231",3164506,"MG"
"3232",2105351,"MA"
"3233",3519006,"SP"
"3234",5209606,"GO"
"3235",4322152,"RS"
"3236",4304101,"RS"
"3237",2203255,"PI"
"3238",2201002,"PI"
"3239",3119906,"MG"
"3240",4104501,"PR"
"3241",5103601,"MT"
"3242",3124401,"MG"
"3243",1718865,"TO"
"3244",2100501,"MA"
"3245",2804201,"SE"
"3246",2210979,"PI"
"3247",4115408,"PR"
"3248",4114302,"PR"
"3249",3112604,"MG"
"3250",4314464,"RS"
"3251",2609808,"PE"
"3252",2608206,"PE"
"3253",5004809,"MS"
"3254",3146909,"MG"
"3255",4301107,"RS"
"3256",2306702,"CE"
"3257",3144102,"MG"
"3258",3145000,"MG"
"3259",1508159,"PA"
"3260",2806008,"SE"
"3261",5106299,"MT"
"3262",4107553,"PR"
"3263",2110237,"MA"
"3264",2410009,"RN"
"3265",1505635,"PA"
"3266",3125507,"MG"
"3267",4119400,"PR"
"3268",3512902,"SP"
"3269",4217303,"SC"
"3270",3142205,"MG"
"3271",3144672,"MG"
"3272",3131109,"MG"
"3273",3511201,"SP"
"3274",4209508,"SC"
"3275",4205704,"SC"
"3276",2309201,"CE"
"3277",5206701,"GO"
"3278",5214804,"GO"
"3279",2206951,"PI"
"3280",5219209,"GO"
"3281",2210938,"PI"
"3282",4111704,"PR"
"3283",2611200,"PE"
"3284",3548203,"SP"
"3285",3528007,"SP"
"3286",4310413,"RS"
"3287",2513851,"PB"
"3288",2201739,"PI"
"3289",2308906,"CE"
"3290",3133204,"MG"
"3291",4304002,"RS"
"3292",2308351,"CE"
"3293",3141009,"MG"
"3294",3117108,"MG"
"3295",3553807,"SP"
"3296",3106002,"MG"
"3297",5006259,"MS"
"3298",4303608,"RS"
"3299",5207907,"GO"
"3300",5209200,"GO"
"3301",2105948,"MA"
"3302",2615607,"PE"
"3303",3141306,"MG"
"3304",2401453,"RN"
"3305",2103158,"MA"
"3306",2412559,"RN"
"3307",4112801,"PR"
"3308",2616506,"PE"
"3309",2300903,"CE"
"3310",2602100,"PE"
"3311",1100338,"RO"
"3312",2404705,"RN"
"3313",4212304,"SC"
"3314",1504976,"PA"
"3315",2104081,"MA"
"3316",3546306,"SP"
"3317",4119202,"PR"
"3318",1400027,"RR"
"3319",4206652,"SC"
"3320",3522901,"SP"
"3321",1505205,"PA"
"3322",5103957,"MT"
"3323",5100300,"MT"
"3324",2202251,"PI"
"3325",2202307,"PI"
"3326",2205607,"PI"
"3327",3164472,"MG"
"3328",4301909,"RS"
"3329",4124020,"PR"
"3330",2507903,"PB"
"3331",2111532,"MA"
"3332",3161908,"MG"
"3333",4200408,"SC"
"3334",2106706,"MA"
"3335",1712405,"TO"
"3336",4126702,"PR"
"3337",2300606,"CE"
"3338",2612307,"PE"
"3339",2310100,"CE"
"3340",2201556,"PI"
"3341",2414001,"RN"
"3342",2412302,"RN"
"3343",3156809,"MG"
"3344",4126603,"PR"
"3345",1100320,"RO"
"3346",3104502,"MG"
"3347",2104701,"MA"
"3348",3170305,"MG"
"3349",3129707,"MG"
"3350",2501401,"PB"
"3351",4300455,"RS"
"3352",2610103,"PE"
"3353",3127602,"MG"
"3354",2511905,"PB"
"3355",3140407,"MG"
"3356",4211454,"SC"
"3357",3205176,"ES"
"3358",2207108,"PI"
"3359",4203303,"SC"
"3360",4120853,"PR"
"3361",4215109,"SC"
"3362",3540002,"SP"
"3363",5211008,"GO"
"3364",2513968,"PB"
"3365",3504404,"SP"
"3366",2501708,"PB"
"3367",2503555,"PB"
"3368",3528858,"SP"
"3369",2509339,"PB"
"3370",3520202,"SP"
"3371",2508208,"PB"
"3372",3513306,"SP"
"3373",2512747,"PB"
"3374",4318499,"RS"
"3375",4313334,"RS"
"3376",5002209,"MS"
"3377",3548054,"SP"
"3378",3134707,"MG"
"3379",3141207,"MG"
"3380",1506906,"PA"
"3381",3114402,"MG"
"3382",5204250,"GO"
"3383",5212253,"GO"
"3384",5200100,"GO"
"3385",3517505,"SP"
"3386",2403806,"RN"
"3387",5106158,"MT"
"3388",3203320,"ES"
"3389",3112703,"MG"
"3390",2413706,"RN"
"3391",1101005,"RO"
"3392",4124509,"PR"
"3393",4122503,"PR"
"3394",5101001,"MT"
"3395",2203453,"PI"
"3396",4209151,"SC"
"3397",2201945,"PI"
"3398",3544608,"SP"
"3399",3146552,"MG"
"3400",3556909,"SP"
"3401",4103602,"PR"
"3402",4306205,"RS"
"3403",4108106,"PR"
"3404",4301750,"RS"
"3405",5219357,"GO"
"3406",2801405,"SE"
"3407",4208708,"SC"
"3408",2512721,"PB"
"3409",2505600,"PB"
"3410",1100056,"RO"
"3411",4106571,"PR"
"3412",4311775,"RS"
"3413",2406601,"RN"
"3414",1506195,"PA"
"3415",2106409,"MA"
"3416",3528601,"SP"
"3417",5200902,"GO"
"3418",2305357,"CE"
"3419",3509205,"SP"
"3420",2509206,"PB"
"3421",3109105,"MG"
"3422",1101203,"RO"
"3423",2805208,"SE"
"3424",2100550,"MA"
"3425",4208401,"SC"
"3426",3170651,"MG"
"3427",3556008,"SP"
"3428",4113254,"PR"
"3429",3107604,"MG"
"3430",2806602,"SE"
"3431",4310009,"RS"
"3432",2804607,"SE"
"3433",3129301,"MG"
"3434",4125357,"PR"
"3435",5221007,"GO"
"3436",5200829,"GO"
"3437",2210706,"PI"
"3438",2309805,"CE"
"3439",4314159,"RS"
"3440",4316204,"RS"
"3441",1500958,"PA"
"3442",5106273,"MT"
"3443",4105102,"PR"
"3444",3111309,"MG"
"3445",5212956,"GO"
"3446",1505064,"PA"
"3447",3116803,"MG"
"3448",2612703,"PE"
"3449",4305603,"RS"
"3450",2211605,"PI"
"3451",2210953,"PI"
"3452",1706506,"TO"
"3453",5007802,"MS"
"3454",5200050,"GO"
"3455",3300951,"RJ"
"3456",3171006,"MG"
"3457",5219712,"GO"
"3458",2103125,"MA"
"3459",4201000,"SC"
"3460",1100254,"RO"
"3461",2501203,"PB"
"3462",2804102,"SE"
"3463",4126504,"PR"
"3464",4107306,"PR"
"3465",3150307,"MG"
"3466",4209805,"SC"
"3467",4108502,"PR"
"3468",2200251,"PI"
"3469",3202504,"ES"
"3470",2202653,"PI"
"3471",5008404,"MS"
"3472",4211900,"SC"
"3473",5218102,"GO"
"3474",2410108,"RN"
"3475",2106631,"MA"
"3476",3111150,"MG"
"3477",5222005,"GO"
"3478",4113759,"PR"
"3479",3116308,"MG"
"3480",5212006,"GO"
"3481",2406403,"RN"
"3482",3200805,"ES"
"3483",3530300,"SP"
"3484",3527702,"SP"
"3485",4315313,"RS"
"3486",3536406,"SP"
"3487",2309458,"CE"
"3488",5108055,"MT"
"3489",2202729,"PI"
"3490",2103109,"MA"
"3491",3101300,"MG"
"3492",5209804,"GO"
"3493",5203962,"GO"
"3494",3127370,"MG"
"3495",4319802,"RS"
"3496",3521150,"SP"
"3497",4305959,"RS"
"3498",3551900,"SP"
"3499",4309654,"RS"
"3500",2111748,"MA"
"3501",1100601,"RO"
"3502",5103379,"MT"
"3503",5000856,"MS"
"3504",3100104,"MG"
"3505",4312377,"RS"
"3506",4306452,"RS"
"3507",3109907,"MG"
"3508",2204154,"PI"
"3509",4307559,"RS"
"3510",3535804,"SP"
"3511",3151107,"MG"
"3512",4114005,"PR"
"3513",3148301,"MG"
"3514",3154903,"MG"
"3515",3100401,"MG"
"3516",2515104,"PB"
"3517",4323101,"RS"
"3518",3547007,"SP"
"3519",4107504,"PR"
"3520",4117222,"PR"
"3521",4110508,"PR"
"3522",2211704,"PI"
"3523",5205059,"GO"
"3524",1718303,"TO"
"3525",3159001,"MG"
"3526",5212709,"GO"
"3527",3502606,"SP"
"3528",3135050,"MG"
"3529",3205010,"ES"
"3530",2208106,"PI"
"3531",3545100,"SP"
"3532",2205557,"PI"
"3533",3165701,"MG"
"3534",2517001,"PB"
"3535",2105963,"MA"
"3536",4105201,"PR"
"3537",4101200,"PR"
"3538",3112000,"MG"
"3539",4204509,"SC"
"3540",1504505,"PA"
"3541",1101302,"RO"
"3542",3204252,"ES"
"3543",4103453,"PR"
"3544",2313906,"CE"
"3545",3551801,"SP"
"3546",5207402,"GO"
"3547",2107209,"MA"
"3548",1702406,"TO"
"3549",3140852,"MG"
"3550",4204558,"SC"
"3551",2614006,"PE"
"3552",3553500,"SP"
"3553",2209906,"PI"
"3554",3127206,"MG"
"3555",4207809,"SC"
"3556",3535002,"SP"
"3557",4215679,"SC"
"3558",2110401,"MA"
"3559",4128807,"PR"
"3560",3145109,"MG"
"3561",4322327,"RS"
"3562",4305439,"RS"
"3563",3160454,"MG"
"3564",4111100,"PR"
"3565",4103206,"PR"
"3566",4314555,"RS"
"3567",4302709,"RS"
"3568",4104105,"PR"
"3569",3133600,"MG"
"3570",5211404,"GO"
"3571",4312179,"RS"
"3572",5105580,"MT"
"3573",2111409,"MA"
"3574",2510501,"PB"
"3575",4320305,"RS"
"3576",2205565,"PI"
"3577",3159803,"MG"
"3578",3540309,"SP"
"3579",3150703,"MG"
"3580",3145851,"MG"
"3581",3153509,"MG"
"3582",3524600,"SP"
"3583",1707652,"TO"
"3584",3507902,"SP"
"3585",4120507,"PR"
"3586",2209377,"PI"
"3587",3126505,"MG"
"3588",3555604,"SP"
"3589",4100707,"PR"
"3590",5001243,"MS"
"3591",3536000,"SP"
"3592",2602605,"PE"
"3593",3521200,"SP"
"3594",4107603,"PR"
"3595",2104008,"MA"
"3596",1718709,"TO"
"3597",4127882,"PR"
"3598",5216809,"GO"
"3599",5108600,"MT"
"3600",2503902,"PB"
"3601",3164308,"MG"
"3602",4203709,"SC"
"3603",4323754,"RS"
"3604",3152907,"MG"
"3605",2206803,"PI"
"3606",4315354,"RS"
"3607",4203402,"SC"
"3608",4316006,"RS"
"3609",2200459,"PI"
"3610",3149804,"MG"
"3611",2500809,"PB"
"3612",3304508,"RJ"
"3613",4206702,"SC"
"3614",3531506,"SP"
"3615",2308807,"CE"
"3616",5217302,"GO"
"3617",2515708,"PB"
"3618",2202455,"PI"
"3619",5005152,"MS"
"3620",4107801,"PR"
"3621",5206404,"GO"
"3622",2504033,"PB"
"3623",2515609,"PB"
"3624",5108105,"MT"
"3625",4128625,"PR"
"3626",3513207,"SP"
"3627",3523305,"SP"
"3628",3149101,"MG"
"3629",1504901,"PA"
"3630",4309704,"RS"
"3631",4127007,"PR"
"3632",2100402,"MA"
"3633",4219358,"SC"
"3634",5108907,"MT"
"3635",3165107,"MG"
"3636",2402204,"RN"
"3637",5007950,"MS"
"3638",2304350,"CE"
"3639",2511806,"PB"
"3640",3502002,"SP"
"3641",3120409,"MG"
"3642",2410702,"RN"
"3643",4123105,"PR"
"3644",3545159,"SP"
"3645",3170578,"MG"
"3646",3100500,"MG"
"3647",2203750,"PI"
"3648",3129202,"MG"
"3649",4313102,"RS"
"3650",5108352,"MT"
"3651",1505601,"PA"
"3652",3129509,"MG"
"3653",2109403,"MA"
"3654",4122172,"PR"
"3655",3533700,"SP"
"3656",3502754,"SP"
"3657",5002100,"MS"
"3658",1400506,"RR"
"3659",2200301,"PI"
"3660",2509107,"PB"
"3661",2306504,"CE"
"3662",3505609,"SP"
"3663",2303006,"CE"
"3664",2512002,"PB"
"3665",5203807,"GO"
"3666",4206009,"SC"
"3667",5106778,"MT"
"3668",2802601,"SE"
"3669",4111308,"PR"
"3670",4124806,"PR"
"3671",3518503,"SP"
"3672",3536802,"SP"
"3673",2201929,"PI"
"3674",3121100,"MG"
"3675",4105003,"PR"
"3676",2607604,"PE"
"3677",2407005,"RN"
"3678",4123857,"PR"
"3679",3148905,"MG"
"3680",4112900,"PR"
"3681",3532207,"SP"
"3682",4308300,"RS"
"3683",2410603,"RN"
"3684",5107941,"MT"
"3685",3126901,"MG"
"3686",3101805,"MG"
"3687",4108452,"PR"
"3688",4119707,"PR"
"3689",3537206,"SP"
"3690",3515194,"SP"
"3691",3159506,"MG"
"3692",2510204,"PB"
"3693",2600302,"PE"
"3694",4216255,"SC"
"3695",2300705,"CE"
"3696",4211876,"SC"
"3697",4214201,"SC"
"3698",3163409,"MG"
"3699",2803005,"SE"
"3700",2105450,"MA"
"3701",4107850,"PR"
"3702",4123204,"PR"
"3703",3169059,"MG"
"3704",3515202,"SP"
"3705",2310852,"CE"
"3706",2201176,"PI"
"3707",5002605,"MS"
"3708",4219101,"SC"
"3709",3135456,"MG"
"3710",5002951,"MS"
"3711",1720655,"TO"
"3712",3534757,"SP"
"3713",2613800,"PE"
"3714",2510402,"PB"
"3715",2106201,"MA"
"3716",4212700,"SC"
"3717",3517901,"SP"
"3718",5007703,"MS"
"3719",4115606,"PR"
"3720",1100296,"RO"
"3721",5200506,"GO"
"3722",3510302,"SP"
"3723",4117297,"PR"
"3724",1712504,"TO"
"3725",2411700,"RN"
"3726",4310702,"RS"
"3727",3108305,"MG"
"3728",4117008,"PR"
"3729",3532900,"SP"
"3730",1706001,"TO"
"3731",5202502,"GO"
"3732",3512704,"SP"
"3733",3123908,"MG"
"3734",3147204,"MG"
"3735",2202075,"PI"
"3736",4220000,"SC"
"3737",2206753,"PI"
"3738",2203230,"PI"
"3739",2602704,"PE"
"3740",3168101,"MG"
"3741",3100609,"MG"
"3742",1101757,"RO"
"3743",4309050,"RS"
"3744",4313060,"RS"
"3745",2105203,"MA"
"3746",2515906,"PB"
"3747",2615102,"PE"
"3748",3105202,"MG"
"3749",4306932,"RS"
"3750",3136405,"MG"
"3751",3102803,"MG"
"3752",2405603,"RN"
"3753",2209559,"PI"
"3754",3161304,"MG"
"3755",4215604,"SC"
"3756",2414456,"RN"
"3757",5205471,"GO"
"3758",4110102,"PR"
"3759",2112001,"MA"
"3760",3124708,"MG"
"3761",3539202,"SP"
"3762",2514453,"PB"
"3763",3165503,"MG"
"3764",2512408,"PB"
"3765",4315206,"RS"
"3766",5211701,"GO"
"3767",3170529,"MG"
"3768",2613206,"PE"
"3769",5207253,"GO"
"3770",1703008,"TO"
"3771",3134806,"MG"
"3772",2300507,"CE"
"3773",5107792,"MT"
"3774",3116100,"MG"
"3775",2614402,"PE"
"3776",3162401,"MG"
"3777",4300703,"RS"
"3778",3204054,"ES"
"3779",4205308,"SC"
"3780",3128600,"MG"
"3781",2208551,"PI"
"3782",2801702,"SE"
"3783",3539400,"SP"
"3784",5215009,"GO"
"3785",3556305,"SP"
"3786",2611408,"PE"
"3787",4115507,"PR"
"3788",2311504,"CE"
"3789",2505907,"PB"
"3790",4110052,"PR"
"3791",2407302,"RN"
"3792",3137106,"MG"
"3793",5000708,"MS"
"3794",3525201,"SP"
"3795",3541059,"SP"
"3796",2207405,"PI"
"3797",2411429,"RN"
"3798",4313953,"RS"
"3799",4315404,"RS"
"3800",2607950,"PE"
"3801",4200507,"SC"
"3802",4302659,"RS"
"3803",2401305,"RN"
"3804",4312443,"RS"
"3805",2210656,"PI"
"3806",4306056,"RS"
"3807",4322343,"RS"
"3808",2310951,"CE"
"3809",2206100,"PI"
"3810",4301503,"RS"
"3811",5006358,"MS"
"3812",2609303,"PE"
"3813",3301157,"RJ"
"3814",2206720,"PI"
"3815",4315131,"RS"
"3816",3505351,"SP"
"3817",2101103,"MA"
"3818",5007406,"MS"
"3819",4116307,"PR"
"3820",4116109,"PR"
"3821",3540259,"SP"
"3822",3128402,"MG"
"3823",5205901,"GO"
"3824",4205456,"SC"
"3825",2502102,"PB"
"3826",3108503,"MG"
"3827",5212600,"GO"
"3828",4115739,"PR"
"3829",2603504,"PE"
"3830",3108552,"MG"
"3831",2511707,"PB"
"3832",1718758,"TO"
"3833",4114708,"PR"
"3834",1507102,"PA"
"3835",3504800,"SP"
"3836",3527256,"SP"
"3837",3200706,"ES"
"3838",4200556,"SC"
"3839",3514502,"SP"
"3840",2205599,"PI"
"3841",2404408,"RN"
"3842",3513900,"SP"
"3843",3130804,"MG"
"3844",2410207,"RN"
"3845",4101655,"PR"
"3846",3117876,"MG"
"3847",3541901,"SP"
"3848",4107256,"PR"
"3849",4211603,"SC"
"3850",2208205,"PI"
"3851",3103751,"MG"
"3852",4127601,"PR"
"3853",3136801,"MG"
"3854",5220504,"GO"
"3855",3518305,"SP"
"3856",5006002,"MS"
"3857",2504850,"PB"
"3858",4210407,"SC"
"3859",3163508,"MG"
"3860",3157252,"MG"
"3861",1709807,"TO"
"3862",4100301,"PR"
"3863",2402105,"RN"
"3864",3509809,"SP"
"3865",3108255,"MG"
"3866",2610400,"PE"
"3867",2111805,"MA"
"3868",3169208,"MG"
"3869",3536257,"SP"
"3870",3149606,"MG"
"3871",3204500,"ES"
"3872",3144656,"MG"
"3873",2802205,"SE"
"3874",4205555,"SC"
"3875",4121307,"PR"
"3876",2502607,"PB"
"3877",4117206,"PR"
"3878",4211751,"SC"
"3879",3531001,"SP"
"3880",4120705,"PR"
"3881",5108204,"MT"
"3882",2603207,"PE"
"3883",2401404,"RN"
"3884",5207535,"GO"
"3885",4319505,"RS"
"3886",1700400,"TO"
"3887",1506609,"PA"
"3888",4302238,"RS"
"3889",3540903,"SP"
"3890",3166907,"MG"
"3891",3164209,"MG"
"3892",1716604,"TO"
"3893",2604155,"PE"
"3894",2204105,"PI"
"3895",4208450,"SC"
"3896",5218706,"GO"
"3897",4121257,"PR"
"3898",5204953,"GO"
"3899",3124500,"MG"
"3900",5201454,"GO"
"3901",4313003,"RS"
"3902",2616100,"PE"
"3903",3149705,"MG"
"3904",4310876,"RS"
"3905",3138005,"MG"
"3906",1506583,"PA"
"3907",3104403,"MG"
"3908",5214051,"GO"
"3909",5205521,"GO"
"3910",3142254,"MG"
"3911",1700350,"TO"
"3912",4106704,"PR"
"3913",3120706,"MG"
"3914",3151305,"MG"
"3915",2209971,"PI"
"3916",2512762,"PB"
"3917",3108206,"MG"
"3918",2609105,"PE"
"3919",2403400,"RN"
"3920",5101605,"MT"
"3921",5208301,"GO"
"3922",3203809,"ES"
"3923",1100502,"RO"
"3924",5201306,"GO"
"3925",3158706,"MG"
"3926",2200707,"PI"
"3927",4217105,"SC"
"3928",2504355,"PB"
"3929",5107859,"MT"
"3930",4125209,"PR"
"3931",2413102,"RN"
"3932",1507201,"PA"
"3933",2101806,"MA"
"3934",5002308,"MS"
"3935",1400407,"RR"
"3936",2201572,"PI"
"3937",2409506,"RN"
"3938",2104651,"MA"
"3939",3530409,"SP"
"3940",4110904,"PR"
"3941",2600906,"PE"
"3942",5107776,"MT"
"3943",3158003,"MG"
"3944",2203800,"PI"
"3945",5000807,"MS"
"3946",2403509,"RN"
"3947",3124005,"MG"
"3948",4313441,"RS"
"3949",1100379,"RO"
"3950",4318481,"RS"
"3951",3147709,"MG"
"3952",3503703,"SP"
"3953",3137403,"MG"
"3954",4216107,"SC"
"3955",3119302,"MG"
"3956",1101609,"RO"
"3957",2105658,"MA"
"3958",4124202,"PR"
"3959",1400456,"RR"
"3960",3501004,"SP"
"3961",3202702,"ES"
"3962",4306304,"RS"
"3963",4103354,"PR"
"3964",2300408,"CE"
"3965",2604908,"PE"
"3966",2604403,"PE"
"3967",2307106,"CE"
"3968",4303400,"RS"
"3969",2202109,"PI"
"3970",2304905,"CE"
"3971",4211405,"SC"
"3972",3107802,"MG"
"3973",1720499,"TO"
"3974",5100508,"MT"
"3975",2103901,"MA"
"3976",3146750,"MG"
"3977",2105922,"MA"
"3978",3205150,"ES"
"3979",2304954,"CE"
"3980",4211009,"SC"
"3981",3132107,"MG"
"3982",4318432,"RS"
"3983",2312502,"CE"
"3984",2100832,"MA"
"3985",3516606,"SP"
"3986",3150570,"MG"
"3987",5102850,"MT"
"3988",4314548,"RS"
"3989",1100940,"RO"
"3990",3132008,"MG"
"3991",3201605,"ES"
"3992",5213905,"GO"
"3993",4211108,"SC"
"3994",2204006,"PI"
"3995",3534203,"SP"
"3996",2111078,"MA"
"3997",3504701,"SP"
"3998",4311700,"RS"
"3999",2512754,"PB"
"4000",4301552,"RS"
"4001",4315172,"RS"
"4002",3162252,"MG"
"4003",2614808,"PE"
"4004",3141900,"MG"
"4005",2104107,"MA"
"4006",2200053,"PI"
"4007",4314423,"RS"
"4008",2413359,"RN"
"4009",2512705,"PB"
"4010",2513208,"PB"
"4011",3162948,"MG"
"4012",4203253,"SC"
"4013",2210300,"PI"
"4014",4113106,"PR"
"4015",3533809,"SP"
"4016",4110003,"PR"
"4017",1710904,"TO"
"4018",4215406,"SC"
"4019",3110905,"MG"
"4020",2605459,"PE"
"4021",4319307,"RS"
"4022",2410504,"RN"
"4023",3130002,"MG"
"4024",5107180,"MT"
"4025",4308656,"RS"
"4026",4127403,"PR"
"4027",4122156,"PR"
"4028",5204854,"GO"
"4029",3126752,"MG"
"4030",3143450,"MG"
"4031",2803302,"SE"
"4032",2806800,"SE"
"4033",5206305,"GO"
"4034",4315073,"RS"
"4035",4319372,"RS"
"4036",5219803,"GO"
"4037",2207777,"PI"
"4038",4318614,"RS"
"4039",3514304,"SP"
"4040",5001508,"MS"
"4041",1708254,"TO"
"4042",4301057,"RS"
"4043",2506103,"PB"
"4044",3155900,"MG"
"4045",2400703,"RN"
"4046",5104559,"MT"
"4047",1705607,"TO"
"4048",4209177,"SC"
"4049",3539608,"SP"
"4050",3505005,"SP"
"4051",1703073,"TO"
"4052",3120201,"MG"
"4053",3152303,"MG"
"4054",2310605,"CE"
"4055",3203056,"ES"
"4056",4104451,"PR"
"4057",5219605,"GO"
"4058",4209706,"SC"
"4059",3543238,"SP"
"4060",4101853,"PR"
"4061",4323408,"RS"
"4062",4106456,"PR"
"4063",3103900,"MG"
"4064",2607406,"PE"
"4065",4126652,"PR"
"4066",4210852,"SC"
"4067",3520004,"SP"
"4068",5105903,"MT"
"4069",2804003,"SE"
"4070",5221197,"GO"
"4071",4304655,"RS"
"4072",4202602,"SC"
"4073",1700251,"TO"
"4074",4303707,"RS"
"4075",2608305,"PE"
"4076",2105906,"MA"
"4077",3113503,"MG"
"4078",2307635,"CE"
"4079",2515005,"PB"
"4080",3505807,"SP"
"4081",3522158,"SP"
"4082",4124004,"PR"
"4083",3160306,"MG"
"4084",5107263,"MT"
"4085",2305332,"CE"
"4086",3157401,"MG"
"4087",5215900,"GO"
"4088",4109005,"PR"
"4089",2202406,"PI"
"4090",4125001,"PR"
"4091",4108007,"PR"
"4092",3163300,"MG"
"4093",4208005,"SC"
"4094",4107751,"PR"
"4095",2402402,"RN"
"4096",2513505,"PB"
"4097",3111408,"MG"
"4098",2400406,"RN"
"4099",5208400,"GO"
"4100",5210802,"GO"
"4101",5221080,"GO"
"4102",2512077,"PB"
"4103",3166204,"MG"
"4104",1101807,"RO"
"4105",4320453,"RS"
"4106",1100346,"RO"
"4107",5102686,"MT"
"4108",3547205,"SP"
"4109",4304622,"RS"
"4110",5205455,"GO"
"4111",4126678,"PR"
"4112",2603603,"PE"
"4113",3170503,"MG"
"4114",4205803,"SC"
"4115",5005806,"MS"
"4116",2801603,"SE"
"4117",5200852,"GO"
"4118",2413557,"RN"
"4119",4300059,"RS"
"4120",4212601,"SC"
"4121",2403707,"RN"
"4122",3507704,"SP"
"4123",2516102,"PB"
"4124",4312609,"RS"
"4125",4108551,"PR"
"4126",4215455,"SC"
"4127",2510006,"PB"
"4128",2404002,"RN"
"4129",2211506,"PI"
"4130",2514305,"PB"
"4131",5106372,"MT"
"4132",1501253,"PA"
"4133",4201703,"SC"
"4134",2202737,"PI"
"4135",5216403,"GO"
"4136",3151008,"MG"
"4137",5107305,"MT"
"4138",4112603,"PR"
"4139",4210704,"SC"
"4140",1400175,"RR"
"4141",5104609,"MT"
"4142",4307203,"RS"
"4143",4125308,"PR"
"4144",2403301,"RN"
"4145",5213707,"GO"
"4146",3532009,"SP"
"4147",2508406,"PB"
"4148",5106208,"MT"
"4149",1718659,"TO"
"4150",2413904,"RN"
"4151",3518859,"SP"
"4152",3541653,"SP"
"4153",4113403,"PR"
"4154",3125705,"MG"
"4155",3201100,"ES"
"4156",2508307,"PB"
"4157",2207793,"PI"
"4158",4202131,"SC"
"4159",5102702,"MT"
"4160",4201257,"SC"
"4161",5201504,"GO"
"4162",3159100,"MG"
"4163",4212239,"SC"
"4164",1712454,"TO"
"4165",4321477,"RS"
"4166",2304806,"CE"
"4167",4306320,"RS"
"4168",2800407,"SE"
"4169",4210308,"SC"
"4170",2112852,"MA"
"4171",4202438,"SC"
"4172",1717800,"TO"
"4173",4312500,"RS"
"4174",2615003,"PE"
"4175",4123303,"PR"
"4176",3517307,"SP"
"4177",3549508,"SP"
"4178",2603306,"PE"
"4179",1400605,"RR"
"4180",2609204,"PE"
"4181",3156106,"MG"
"4182",2300101,"CE"
"4183",3172103,"MG"
"4184",3153103,"MG"
"4185",2503605,"PB"
"4186",3126703,"MG"
"4187",3539004,"SP"
"4188",3120607,"MG"
"4189",4216909,"SC"
"4190",4215059,"SC"
"4191",2806404,"SE"
"4192",2406205,"RN"
"4193",3523701,"SP"
"4194",4121752,"PR"
"4195",5007935,"MS"
"4196",1718840,"TO"
"4197",4301859,"RS"
"4198",2803906,"SE"
"4199",1400704,"RR"
"4200",2805901,"SE"
"4201",2515971,"PB"
"4202",3154804,"MG"
"4203",3146255,"MG"
"4204",4300646,"RS"
"4205",2512606,"PB"
"4206",4207700,"SC"
"4207",4215208,"SC"
"4208",5220009,"GO"
"4209",3140308,"MG"
"4210",3204302,"ES"
"4211",4207106,"SC"
"4212",4118709,"PR"
"4213",3125952,"MG"
"4214",4117271,"PR"
"4215",1718006,"TO"
"4216",2209351,"PI"
"4217",2202802,"PI"
"4218",2602407,"PE"
"4219",4320651,"RS"
"4220",2505279,"PB"
"4221",4115457,"PR"
"4222",2305100,"CE"
"4223",3118908,"MG"
"4224",5216452,"GO"
"4225",2505303,"PB"
"4226",4314035,"RS"
"4227",4119004,"PR"
"4228",1503044,"PA"
"4229",3551108,"SP"
"4230",1711902,"TO"
"4231",2414605,"RN"
"4232",3167301,"MG"
"4233",3556107,"SP"
"4234",3204401,"ES"
"4235",5219456,"GO"
"4236",2612554,"PE"
"4237",5107198,"MT"
"4238",1715705,"TO"
"4239",3519055,"SP"
"4240",1718808,"TO"
"4241",3148756,"MG"
"4242",4120002,"PR"
"4243",3515152,"SP"
"4244",3105301,"MG"
"4245",4200804,"SC"
"4246",2404309,"RN"
"4247",5208509,"GO"
"4248",2407401,"RN"
"4249",4106001,"PR"
"4250",1100098,"RO"
"4251",3164100,"MG"
"4252",3549607,"SP"
"4253",5206503,"GO"
"4254",5105176,"MT"
"4255",4309753,"RS"
"4256",3102852,"MG"
"4257",3136959,"MG"
"4258",3157302,"MG"
"4259",4304713,"RS"
"4260",3501103,"SP"
"4261",4202453,"SC"
"4262",2111573,"MA"
"4263",1100924,"RO"
